cID_DI,sense,BP,RI,DVG_type,length_dvg,p(real),start,end,id,TP_exact,seq_around_junction,seq_around_junction_reverseCompl,inWholeSeq,inWholeSeq_asRevCompl,in_idSeq,TP_seq
++_1051_2302,++,1051,2302,Deletion_forward,8582,0.8110917852824693,1051,2302,1051_2302,1,TAACAAAACAACCATAAATCCAGGAGTGGTagttcacgaaagttgttagggataaactag,CTAGTTTATCCCTAACAACTTTCGTGAACTACCACTCCTGGATTTATGGTTGTTTTGTTA,,--_2302_1051,--_2302_1051,1
++_1784_6060,++,1784,6060,Deletion_forward,5557,0.6357286989075985,1784,6060,1784_6060,1,TTTCGCAACAAGATCTCCCAGAAAGCGCACcacaaaaacaggaagttcatcaatatgtat,ATACATATTGATGAACTTCCTGTTTTTGTGGTGCGCTTTCTGGGAGATCTTGTTGCGAAA,++_1784_6060,,++_1784_6060,1
++_1909_8273,++,1909,8273,Deletion_forward,3469,0.6403116254254174,1909,8273,1909_8273,1,CTACTTTGAGATAATCGATCCAAAGAAAGGaagcgtacacccagagtatgagtatatcct,AGGATATACTCATACTCTGGGTGTACGCTTCCTTTCTTTGGATCGATTATCTCAAAGTAG,,--_8273_1909,--_8273_1909,1
++_1979_1077,++,1979,1077,Insertion_forward,10735,0.6529269501334489,1077,1979,1077_1979,0,CGGAAACTTGCAATCGGCAAACTAATAGTCgttagagatggaattctaacccagaaacga,TCGTTTCTGGGTTAGAATTCCATCTCTAACGACTATTAGTTTGCCGATTGCAAGTTTCCG,,--_1072_1974,--_1072_1974,1
++_2366_3648,++,2366,3648,Deletion_forward,8551,0.6680313090711251,2366,3648,2366_3648,0,GAACTTGGCAAGTGGCCCACTCTGTTAGATcatcaagcaaagagacaatccgagcaagaa,TTCTTGCTCGGATTGTCTCTTTGCTTGATGATCTAACAGAGTGGGCCACTTGCCAAGTTC,++_2365_3647,,++_2365_3647,1
++_2964_6926,++,2964,6926,Deletion_forward,5871,0.7170831022407752,2964,6926,2964_6926,0,CTAATGTTAATGGACCAGATGACGCAGCCAatgcggaagtccaatggtgagcacgaaaga,TCTTTCGTGCTCACCATTGGACTTCCGCATTGGCTGCGTCATCTGGTCCATTAACATTAG,++_2963_6925,,++_2963_6925,1
++_3002_8256,++,3002,8256,Deletion_forward,4579,0.5787746208517272,3002,8256,3002_8256,0,TGTAACAGATTCATGGGCATGCTTTTGCACggagatgatttactgctaagcgtacaccca,TGGGTGTACGCTTAGCAGTAAATCATCTCCGTGCAAAAGCATGCCCATGAATCTGTTACA,,--_8254_3000,--_8254_3000,1
++_3516_5147,++,3516,5147,Deletion_forward,8202,0.7694284677362803,3516,5147,3516_5147,1,AGACAGAGCGCAGGAAAATAGAATGGGAACaaagagattcaaactcagagactctgagat,ATCTCAGAGTCTCTGAGTTTGAATCTCTTTGTTCCCATTCTATTTTCCTGCGCTCTGTCT,,--_5147_3516,--_5147_3516,1
++_3792_3598,++,3792,3598,Insertion_forward,10027,0.8850854998012543,3598,3792,3598_3792,1,AGCTTAAGGGACTAGTCGCCACTGTCGAACaggcaccacatctaagtgagcatatcgagc,GCTCGATATGCTCACTTAGATGTGGTGCCTGTTCGACAGTGGCGACTAGTCCCTTAAGCT,++_3792_3598,,++_3792_3598,1
++_3859_7242,++,3859,7242,Deletion_forward,6450,0.7875679815251156,3859,7242,3859_7242,1,TGACTTGAGCGAGAGGAATCTCTTCGTCGAgggaacctgaaagcggtagcacactgccct,AGGGCAGTGTGCTACCGCTTTCAGGTTCCCTCGACGAAGAGATTCCTCTCGCTCAAGTCA,,--_7242_3859,--_7242_3859,1
++_4022_7019,++,4022,7019,Deletion_forward,6836,0.7394285467852296,4022,7019,4022_7019,1,TTTACCAGAGCAACTGCCACGGAAGTCGCGtttcccagacgattttgccgagaagtatct,AGATACTTCTCGGCAAAATCGTCTGGGAAACGCGACTTCCGTGGCAGTTGCTCTGGTAAA,++_4022_7019,,++_4022_7019,1
++_4060_2926,++,4060,2926,Insertion_forward,10967,0.5585420610708551,2926,4060,2926_4060,0,AGCACACGAAAGTGACAGAGACATATTGCTaagctaaggctaatgttaatggaccagatg,CATCTGGTCCATTAACATTAGCCTTAGCTTAGCAATATGTCTCTGTCACTTTCGTGTGCT,++_4061_2927,,++_4061_2927,1
++_4062_2928,++,4062,2928,Insertion_forward,10967,0.6683243675289958,2928,4062,2928_4062,0,CACACGAAAGTGACAGAGACATATTGCTAAgctaaggctaatgttaatggaccagatgac,GTCATCTGGTCCATTAACATTAGCCTTAGCTTAGCAATATGTCTCTGTCACTTTCGTGTG,++_4061_2927,,++_4061_2927,1
++_4166_6105,++,4166,6105,Deletion_forward,7894,0.5785760262110264,4166,6105,4166_6105,1,GAGCCAACTCGGCCACTTGCAGAAAACGTAgatttctctgcagttcgtttcgtggatcca,TGGATCCACGAAACGAACTGCAGAGAAATCTACGTTTTCTGCAAGTGGCCGAGTTGGCTC,++_4166_6105,,++_4166_6105,1
++_4275_1502,++,4275,1502,Insertion_forward,12606,0.8073038695996982,1502,4275,1502_4275,1,CAATCTCAGTAATGACCAGTGGTTTTGCACgcagatactagataggtatgagcaagcact,AGTGCTTGCTCATACCTATCTAGTATCTGCGTGCAAAACCACTGGTCATTACTGAGATTG,++_4275_1502,,++_4275_1502,1
++_4479_8665,++,4479,8665,Deletion_forward,5647,0.8234886782342983,4479,8665,4479_8665,1,TCTCCACTCAATACCCCGTGTCAATAAGCAataaggaaccagctcaagaggatctcaccc,GGGTGAGATCCTCTTGAGCTGGTTCCTTATTGCTTATTGACACGGGGTATTGAGTGGAGA,,--_8665_4479,--_8665_4479,1
++_4533_4797,++,4533,4797,Deletion_forward,9569,0.6958824721998673,4533,4797,4533_4797,1,ATTTTGTGAACGCACAGGGTAGTGGAAGCAtaccttgacacagacagtagaatgcttagc,GCTAAGCATTCTACTGTCTGTGTCAAGGTATGCTTCCACTACCCTGTGCGTTCACAAAAT,++_4533_4797,,++_4533_4797,1
++_4560_4654,++,4560,4654,Deletion_forward,9739,0.7238210464435477,4560,4654,4560_4654,1,GCAACTGTGATGTGATTTCAAAAGGAGACAgaacgatgaaagttggaaacatcgagatca,TGATCTCGATGTTTCCAACTTTCATCGTTCTGTCTCCTTTTGAAATCACATCACAGTTGC,,--_4654_4560,--_4654_4560,1
++_4846_3613,++,4846,3613,Insertion_forward,11066,0.661223805613246,3613,4846,3613_4846,0,AATGCTTAGCACAACAAAGGCAAGCATCAAgtgagcatatcgagcctgaagaaaaggcag,CTGCCTTTTCTTCAGGCTCGATATGCTCACTTGATGCTTGCCTTTGTTGTGCTAAGCATT,++_4845_3612,,++_4845_3612,1
++_490_176,++,490,176,Insertion_forward,10147,0.8876613220164034,176,490,176_490,1,CAAGGAGAGAGCACTCTTTTTGGACTGGGAcaagccagcatccaccggaatggtacagtt,AACTGTACCATTCCGGTGGATGCTGGCTTGTCCCAGTCCAAAAAGAGTGCTCTCTCCTTG,,--_176_490,--_176_490,1
++_5016_8357,++,5016,8357,Deletion_forward,6492,0.7478562250836195,5016,8357,5016_8357,1,ATGGGCTTCCAGTGATCACCAACAACGTCTaaggaccagggaaaaaggagacctttggtt,AACCAAAGGTCTCCTTTTTCCCTGGTCCTTAGACGTTGTTGGTGATCACTGGAAGCCCAT,++_5016_8357,,++_5016_8357,1
++_5066_8596,++,5066,8596,Deletion_forward,6303,0.6776453349713877,5066,8596,5066_8596,0,GTAACGGTGAAGCAGGCACGAACAATGTCTttagctccttagcacaagaagggaaagctc,GAGCTTTCCCTTCTTGTGCTAAGGAGCTAAAGACATTGTTCGTGCCTGCTTCACCGTTAC,,--_8595_5065,--_8595_5065,1
++_5220_4605,++,5220,4605,Insertion_forward,10448,0.6734427100348568,4605,5220,4605_5220,0,TAGCCATACCTCACCGAGGAGTGAACGCTTtcaaaacttttaattgaaagagacttcaaa,TTTGAAGTCTCTTTCAATTAAAAGTTTTGAAAGCGTTCACTCCTCGGTGAGGTATGGCTA,++_5215_4600,,++_5215_4600,1
++_5443_553,++,5443,553,Insertion_forward,14723,0.8477251969902293,553,5443,553_5443,0,ACAGACGGACGTCAACTCCATACAGCGAACgtggcgtcagtaagatagtgcccaggagtt,AACTCCTGGGCACTATCTTACTGACGCCACGTTCGCTGTATGGAGTTGACGTCCGTCTGT,,--_552_5442,--_552_5442,1
++_5741_1803,++,5741,1803,Insertion_forward,13771,0.9123148181239576,1803,5741,1803_5741,1,TATGGAGCGCTTGAGGCAGTTCACCATCAAtgcgacaaccagctcgatagaaatggaaat,ATTTCCATTTCTATCGAGCTGGTTGTCGCATTGATGGTGAACTGCCTCAAGCGCTCCATA,,--_1803_5741,--_1803_5741,1
++_6000_6040,++,6000,6040,Deletion_forward,9793,0.8078733899745908,6000,6040,6000_6040,1,TATACGGAGATGATGACACCATAGAGCACTgcaggacacgtggtatcgggcacaaaaaca,TGTTTTTGTGCCCGATACCACGTGTCCTGCAGTGCTCTATGGTGTCATCATCTCCGTATA,++_6000_6040,,++_6000_6040,1
++_621_2957,++,621,2957,Deletion_forward,7497,0.551770152628396,621,2957,621_2957,1,TGAAGCAAAAGCGCGCAAGGGAAAGGCGTAcgcagccactcgcgcgtgtaacagattcat,ATGAATCTGTTACACGCGCGAGTGGCTGCGTACGCCTTTCCCTTGCGCGCTTTTGCTTCA,,--_2957_621,--_2957_621,1
++_706_6227,++,706,6227,Deletion_forward,4312,0.6816394097255402,706,6227,706_6227,0,TGGAGGAGGACTCTCTGCGAGCGCGATCGAggatgagttggatccaaatgaaatacgtgt,ACACGTATTTCATTTGGATCCAACTCATCCTCGATCGCGCTCGCAGAGAGTCCTCCTCCA,,--_6225_704,--_6225_704,1
++_7321_1004,++,7321,1004,Insertion_forward,16150,0.7101842930945937,1004,7321,1004_7321,1,CACAGTTAAAGGAAAATGTCAGATGTTTGAtctcagcaggtactcgggtaacaaaacaac,GTTGTTTTGTTACCCGAGTACCTGCTGAGATCAAACATCTGACATTTTCCTTTAACTGTG,++_7321_1004,,++_7321_1004,1
++_745_6507,++,745,6507,Deletion_forward,4071,0.595287817743884,745,6507,745_6507,1,GGTTCACACAAAGTGGCCGCTTCACAAGACtacaacccaatatcaaacaacatttgtcat,ATGACAAATGTTGTTTGATATTGGGTTGTAGTCTTGTGAAGCGGCCACTTTGTGTGAACC,++_745_6507,,++_745_6507,1
++_7573_5083,++,7573,5083,Insertion_forward,12323,0.653624687589344,5083,7573,5083_7573,0,TGATGAGAATGACATATTCGAAGCTCTTAAcgttctacacaagccaagtggtgagatatg,CATATCTCACCACTTGGCTTGTGTAGAACGTTAAGAGCTTCGAATATGTCATTCTCATCA,++_7574_5084,,++_7574_5084,1
++_7574_5084,++,7574,5084,Insertion_forward,12323,0.7680214941744954,5084,7574,5084_7574,1,GATGAGAATGACATATTCGAAGCTCTTAACgttctacacaagccaagtggtgagatatga,TCATATCTCACCACTTGGCTTGTGTAGAACGTTAAGAGCTTCGAATATGTCATTCTCATC,++_7574_5084,,++_7574_5084,1
++_7724_6110,++,7724,6110,Insertion_forward,11447,0.7636600182369959,6110,7724,6110_7724,1,ATGGGAGTGTGGAACGGCTCGTTGAAGGCActctgcagttcgtttcgtggatccactcac,GTGAGTGGATCCACGAAACGAACTGCAGAGTGCCTTCAACGAGCCGTTCCACACTCCCAT,++_7724_6110,,++_7724_6110,1
++_7826_3885,++,7826,3885,Insertion_forward,13774,0.9077649108955822,3885,7826,3885_7826,1,CTGGGTGGAAAGGTCTGCGTGGATGATTTCgtgctccaacaacttccagctgaaaagaca,TGTCTTTTCAGCTGGAAGTTGTTGGAGCACGAAATCATCCACGCAGACCTTTCCACCCAG,,--_3885_7826,--_3885_7826,1
++_7884_2984,++,7884,2984,Insertion_forward,14733,0.6803411725522478,2984,7884,2984_7884,0,GAGCTCCTTGGAGTGTTGGCATGACAAAGTcatgggcatgcttttgcacatggcagaacc,GGTTCTGCCATGTGCAAAAGCATGCCCATGACTTTGTCATGCCAACACTCCAAGGAGCTC,,--_2983_7883,--_2983_7883,1
++_8076_3193,++,8076,3193,Insertion_forward,14716,0.9036866518235648,3193,8076,3193_8076,1,TGCTGAGAAATTTGTACACCGAAATCGTGTtgaaaagcgaagccgatttaggcggcagat,ATCTGCCGCCTAAATCGGCTTCGCTTTTCAACACGATTTCGGTGTACAAATTTCTCAGCA,++_8076_3193,,++_8076_3193,1
++_8224_2747,++,8224,2747,Insertion_forward,15310,0.7101413253828246,2747,8224,2747_8224,0,ACTCAAGAAAAGCGGAATTCCAAGTGAGTTcatcctggcattttacaatagtggatctct,AGAGATCCACTATTGTAAAATGCCAGGATGAACTCACTTGGAATTCCGCTTTTCTTGAGT,++_8223_2746,,++_8223_2746,1
++_8365_7470,++,8365,7470,Insertion_forward,10728,0.8905689394404417,7470,8365,7470_8365,1,CCTGAAGTATACTTTCGACTCAAGGACCAGctgtttgaaaagacagttgaaatagtcgta,TACGACTATTTCAACTGTCTTTTCAAACAGCTGGTCCTTGAGTCGAAAGTATACTTCAGG,++_8365_7470,,++_8365_7470,1
++_8484_5149,++,8484,5149,Insertion_forward,13168,0.7331246982892556,5149,8484,5149_8484,1,CGATTTTAGAATGGGATCGGTCGAAAGAGCagagattcaaactcagagactctgagattg,CAATCTCAGAGTCTCTGAGTTTGAATCTCTGCTCTTTCGACCGATCCCATTCTAAAATCG,,--_5149_8484,--_5149_8484,1
++_8581_1436,++,8581,1436,Insertion_forward,16978,0.6564714660020633,1436,8581,1436_8581,1,CGAGATACGTAAGTTTTATGCGTGGATGATgaagcacaggttaacgcagctacgcgatgt,ACATCGCGTAGCTGCGTTAACCTGTGCTTCATCATCCACGCATAAAACTTACGTATCTCG,++_8581_1436,,++_8581_1436,1
++_8760_7504,++,8760,7504,Insertion_forward,11089,0.6957642645911464,7504,8760,7504_8760,0,GTGCTGAGACTTGTGTTTATCACCAGGCAGatctgcgaggttatggtttcgaaacatgca,TGCATGTTTCGAAACCATAACCTCGCAGATCTGCCTGGTGATAAACACAAGTCTCAGCAC,,--_7501_8757,--_7501_8757,1
++_8779_3087,++,8779,3087,Insertion_forward,15525,0.9093994636353931,3087,8779,3087_8779,1,TCACCAGGCAGGTGAGACGCCTGATGCAGGctacaaatcttggacgaggcatggaacgag,CTCGTTCCATGCCTCGTCCAAGATTTGTAGCCTGCATCAGGCGTCTCACCTGCCTGGTGA,,--_3087_8779,--_3087_8779,1
++_8812_6901,++,8812,6901,Insertion_forward,11744,0.8920758565114435,6901,8812,6901_8812,1,GACAGATGAGCAGAAGCAGGCGGAAAAGGAactggattagcacgaaagacggtcaatgcg,CGCATTGACCGTCTTTCGTGCTAATCCAGTTCCTTTTCCGCCTGCTTCTGCTCATCTGTC,,--_6901_8812,--_6901_8812,1
++_8834_921,++,8834,921,Insertion_forward,17746,0.712754197294037,921,8834,921_8834,0,GAAAAGGAGAAGAAGGAGAGAGAGAAGGCAaggatccaagtagtacacttactcgggaag,CTTCCCGAGTAAGTGTACTACTTGGATCCTTGCCTTCTCTCTCTCCTTCTTCTCCTTTTC,,--_918_8831,--_918_8831,1
++_9229_8925,++,9229,8925,Insertion_forward,10137,0.8307057132331118,8925,9229,8925_9229,1,CATAAACGGAATGTGGGTGATGATGGACGGgccggaacctctggaactttcagtgtaccc,GGGTACACTGAAAGTTCCAGAGGTTCCGGCCCGTCCATCATCACCCACATTCCGTTTATG,,--_8925_9229,--_8925_9229,1
+-_102_4015,+-,102,4015,5cb/sb,4117,0.6257485182163897,102,4015,102_4015,1,ATCAAAGATTCTCAAATCTTTCATCGTTATtccgtggcagttgctctggtaaaagtcatg,CATGACTTTTACCAGAGCAACTGCCACGGAATAACGATGAAAGATTTGAGAATCTTTGAT,,+-_4015_102,+-_4015_102,1
+-_1038_8980,+-,1038,8980,5cb/sb,10018,0.5339111347056594,1038,8980,1038_8980,0,GCAGGTACTCGGGTAACAAAACAACCATAAattttgcttgttaggctcttaagtctgggt,ACCCAGACTTAAGAGCCTAACAAGCAAAATTTATGGTTGTTTTGTTACCCGAGTACCTGC,+-_1039_8979,,+-_1039_8979,1
+-_1040_8978,+-,1040,8978,5cb/sb,10018,0.6745473409303482,1040,8978,1040_8978,0,AGGTACTCGGGTAACAAAACAACCATAAATtttgcttgttaggctcttaagtctgggtac,GTACCCAGACTTAAGAGCCTAACAAGCAAAATTTATGGTTGTTTTGTTACCCGAGTACCT,+-_1039_8979,,+-_1039_8979,1
+-_1460_2998,+-,1460,2998,5cb/sb,4458,0.6684788354375419,1460,2998,1460_2998,1,TCCATGAAGCACAGGTTAACGCAGCTACGCaaaagcatgcccatgaatctgttacacgcg,CGCGTGTAACAGATTCATGGGCATGCTTTTGCGTAGCTGCGTTAACCTGTGCTTCATGGA,+-_1460_2998,,+-_1460_2998,1
+-_163_4932,+-,163,4932,5cb/sb,5095,0.792602616428375,163,4932,163_4932,1,AGTAGTTACATTCGCATCGGCTATCACCAAaccctttctctgtgtgacctattcgcaggg,CCCTGCGAATAGGTCACACAGAGAAAGGGTTTGGTGATAGCCGATGCGAATGTAACTACT,+-_163_4932,,+-_163_4932,1
+-_1707_7655,+-,1707,7655,5cb/sb,9362,0.7198159105158307,1707,7655,1707_7655,0,CCACGAAACATTTGCTTGAGATAGCACGATttcttctttcatctcaggtgtgaactcagc,GCTGAGTTCACACCTGAGATGAAAGAAGAAATCGTGCTATCTCAAGCAAATGTTTCGTGG,+-_1706_7656,,+-_1706_7656,1
+-_2677_3537,+-,2677,3537,5cb/sb,6214,0.9169511441282294,2677,3537,2677_3537,1,CAAGAGGCTCATAAAAGGAGTCTATAGACCgaatggcatggtggaatgcaagttcccatt,AATGGGAACTTGCATTCCACCATGCCATTCGGTCTATAGACTCCTTTTATGAGCCTCTTG,+-_2677_3537,,+-_2677_3537,1
+-_3000_1458,+-,3000,1458,5cb/sb,4458,0.6583852240920455,1458,3000,1458_3000,0,CGTGTAACAGATTCATGGGCATGCTTTTGCgtagctgcgttaacctgtgcttcatggatg,CATCCATGAAGCACAGGTTAACGCAGCTACGCAAAAGCATGCCCATGAATCTGTTACACG,,+-_1460_2998,+-_1460_2998,1
+-_3460_7774,+-,3460,7774,5cb/sb,11234,0.7137829109806898,3460,7774,3460_7774,0,CGCCGAGGCGAATCACATCGTCACCACGCAgtaaacgtccgtgttttgtttgcttccact,AGTGGAAGCAAACAAAACACGGACGTTTACTGCGTGGTGACGATGTGATTCGCCTCGGCG,+-_3458_7776,,+-_3458_7776,1
+-_3497_970,+-,3497,970,5cb/sb,4467,0.8374277337800498,970,3497,970_3497,1,CTCAAACTGGATATTGAGGAGACAGAGCGCgataagtcgcgctgcgctctcttcccgagt,ACTCGGGAAGAGAGCGCAGCGCGACTTATCGCGCTCTGTCTCCTCAATATCCAGTTTGAG,+-_3497_970,,+-_3497_970,1
+-_3537_2677,+-,3537,2677,5cb/sb,6214,0.9169511441282294,2677,3537,2677_3537,1,AATGGGAACTTGCATTCCACCATGCCATTCggtctatagactccttttatgagcctcttg,CAAGAGGCTCATAAAAGGAGTCTATAGACCGAATGGCATGGTGGAATGCAAGTTCCCATT,,+-_2677_3537,+-_2677_3537,1
+-_5359_7710,+-,5359,7710,5cb/sb,13069,0.6478052826828817,5359,7710,5359_7710,1,GTGGGATGTGATTGTCAAATTCAAAGGTGAcgttccacactcccatctttcctaagaaga,TCTTCTTAGGAAAGATGGGAGTGTGGAACGTCACCTTTGAATTTGACAATCACATCCCAC,+-_5359_7710,,+-_5359_7710,1
+-_6287_7968,+-,6287,7968,5cb/sb,14255,0.6917893253098217,6287,7968,6287_7968,1,AATAAGACAATTCAGGCCTACTACATGAACagctgtcaaactgtgagccatcagcatcac,GTGATGCTGATGGCTCACAGTTTGACAGCTGTTCATGTAGTAGGCCTGAATTGTCTTATT,,+-_7968_6287,+-_7968_6287,1
+-_6288_7967,+-,6288,7967,5cb/sb,14255,0.7821226572773242,6288,7967,6288_7967,0,ATAAGACAATTCAGGCCTACTACATGAACAgctgtcaaactgtgagccatcagcatcaca,TGTGATGCTGATGGCTCACAGTTTGACAGCTGTTCATGTAGTAGGCCTGAATTGTCTTAT,,+-_7968_6287,+-_7968_6287,1
+-_762_8125,+-,762,8125,5cb/sb,8887,0.8777785246763486,762,8125,762_8125,1,CGCTTCACAAGACACCGTCAATGAAGAAGAcctttgaacttcttgacgagtgtaccatct,AGATGGTACACTCGTCAAGAAGTTCAAAGGTCTTCTTCATTGACGGTGTCTTGTGAAGCG,+-_762_8125,,+-_762_8125,1
+-_7657_1705,+-,7657,1705,5cb/sb,9362,0.7637103899843377,1705,7657,1705_7657,0,TGAGTTCACACCTGAGATGAAAGAAGAAATcgtgctatctcaagcaaatgtttcgtggcc,GGCCACGAAACATTTGCTTGAGATAGCACGATTTCTTCTTTCATCTCAGGTGTGAACTCA,,+-_1706_7656,+-_1706_7656,1
+-_7710_5359,+-,7710,5359,5cb/sb,13069,0.9069238782994395,5359,7710,5359_7710,1,TCTTCTTAGGAAAGATGGGAGTGTGGAACGtcacctttgaatttgacaatcacatcccac,GTGGGATGTGATTGTCAAATTCAAAGGTGACGTTCCACACTCCCATCTTTCCTAAGAAGA,,+-_5359_7710,+-_5359_7710,1
+-_7777_3457,+-,7777,3457,5cb/sb,11234,0.772341285675053,3457,7777,3457_7777,0,GGAAGCAAACAAAACACGGACGTTTACTGCgtggtgacgatgtgattcgcctcggcggtc,GACCGCCGAGGCGAATCACATCGTCACCACGCAGTAAACGTCCGTGTTTTGTTTGCTTCC,,+-_3458_7776,+-_3458_7776,1
+-_7968_6287,+-,7968,6287,5cb/sb,14255,0.7821226572773242,6287,7968,6287_7968,1,GTGATGCTGATGGCTCACAGTTTGACAGCTgttcatgtagtaggcctgaattgtcttatt,AATAAGACAATTCAGGCCTACTACATGAACAGCTGTCAAACTGTGAGCCATCAGCATCAC,+-_7968_6287,,+-_7968_6287,1
+-_8125_762,+-,8125,762,5cb/sb,8887,0.8804069255535945,762,8125,762_8125,1,AGATGGTACACTCGTCAAGAAGTTCAAAGGtcttcttcattgacggtgtcttgtgaagcg,CGCTTCACAAGACACCGTCAATGAAGAAGACCTTTGAACTTCTTGACGAGTGTACCATCT,,+-_762_8125,+-_762_8125,1
+-_8980_1038,+-,8980,1038,5cb/sb,10018,0.7299518405581452,1038,8980,1038_8980,0,ACCCAGACTTAAGAGCCTAACAAGCAAAATttatggttgttttgttacccgagtacctgc,GCAGGTACTCGGGTAACAAAACAACCATAAATTTTGCTTGTTAGGCTCTTAAGTCTGGGT,,+-_1039_8979,+-_1039_8979,1
+-_9177_9776,+-,9177,9776,5cb/sb,18953,0.6661422463597308,9177,9776,9177_9776,1,TTATTCTCAATGGTTTAATGGTCTGGTGCActaacaccaataaaatgttcggcgaaaata,TATTTTCGCCGAACATTTTATTGGTGTTAGTGCACCAGACCATTAAACCATTGAGAATAA,,+-_9776_9177,+-_9776_9177,1
+-_970_3497,+-,970,3497,5cb/sb,4467,0.6578962971182448,970,3497,970_3497,1,ACTCGGGAAGAGAGCGCAGCGCGACTTATCgcgctctgtctcctcaatatccagtttgag,CTCAAACTGGATATTGAGGAGACAGAGCGCGATAAGTCGCGCTGCGCTCTCTTCCCGAGT,,+-_3497_970,+-_3497_970,1
-+_1035_2543,-+,1035,2543,3cb/sb,16088,0.7695110427336972,1035,2543,1035_2543,1,CCAACCTGCGCAAACCACTCCTGGATTTATcacaagatgcaatttggagtcaagcttaaa,TTTAAGCTTGACTCCAAATTGCATCTTGTGATAAATCCAGGAGTGGTTTGCGCAGGTTGG,,-+_2543_1035,-+_2543_1035,1
-+_1500_2388,-+,1500,2388,3cb/sb,15778,0.6673614936135981,1500,2388,1500_2388,0,TGCTTGCTCATACCTATCTAGTATCTGCACctgaaggtattttacccagacgttgctaac,GTTAGCAACGTCTGGGTAAAATACCTTCAGGTGCAGATACTAGATAGGTATGAGCAAGCA,,-+_2387_1501,-+_2387_1501,1
-+_2354_4290,-+,2354,4290,3cb/sb,13022,0.6660805490409895,2354,4290,2354_4290,1,TAACAAGCGGTTGCTACATCTAACAGAGTGaacaatagaatgcgcattgaagaatttgac,GTCAAATTCTTCAATGCGCATTCTATTGTTCACTCTGTTAGATGTAGCAACCGCTTGTTA,-+_2354_4290,,-+_2354_4290,1
-+_2387_1501,-+,2387,1501,3cb/sb,15778,0.7360937648621795,1501,2387,1501_2387,1,TTAGCAACGTCTGGGTAAAATACCTTCAGGtgcagatactagataggtatgagcaagcac,GTGCTTGCTCATACCTATCTAGTATCTGCACCTGAAGGTATTTTACCCAGACGTTGCTAA,-+_2387_1501,,-+_2387_1501,1
-+_2542_1036,-+,2542,1036,3cb/sb,16088,0.6435907166268053,1036,2542,1036_2542,0,TTAAGCTTGACTCCAAATTGCATCTTGTGAtaaatccaggagtggtttgcgcaggttgga,TCCAACCTGCGCAAACCACTCCTGGATTTATCACAAGATGCAATTTGGAGTCAAGCTTAA,-+_2543_1035,,-+_2543_1035,1
-+_3200_9054,-+,3200,9054,3cb/sb,7412,0.6363535952746482,3200,9054,3200_9054,1,ACGCTGTATCTGCCGCCTAAATCGGCTTCGgatctatccaacacacggtcaacgcgaaag,CTTTCGCGTTGACCGTGTGTTGGATAGATCCGAAGCCGATTTAGGCGGCAGATACAGCGT,,-+_9054_3200,-+_9054_3200,1
-+_3324_6240,-+,3324,6240,3cb/sb,10102,0.7331246982892556,3324,6240,3324_6240,1,CCTACACACGCTATTCGACACCTTGCTACCccaaatgaaatacgtgtgaataagacaatt,AATTGTCTTATTCACACGTATTTCATTTGGGGTAGCAAGGTGTCGAATAGCGTGTGTAGG,-+_3324_6240,,-+_3324_6240,1
-+_3409_4133,-+,3409,4133,3cb/sb,12124,0.8153904191376091,3409,4133,3409_4133,1,CCTCGGCGGTCATCTTGATTAGTAAGCTGAccttgagccaactcggccacttgcagaaaa,TTTTCTGCAAGTGGCCGAGTTGGCTCAAGGTCAGCTTACTAATCAAGATGACCGCCGAGG,-+_3409_4133,,-+_3409_4133,1
-+_4133_3409,-+,4133,3409,3cb/sb,12124,0.8394114317754773,3409,4133,3409_4133,1,TTTTCTGCAAGTGGCCGAGTTGGCTCAAGGtcagcttactaatcaagatgaccgccgagg,CCTCGGCGGTCATCTTGATTAGTAAGCTGACCTTGAGCCAACTCGGCCACTTGCAGAAAA,,-+_3409_4133,-+_3409_4133,1
-+_4255_7271,-+,4255,7271,3cb/sb,8140,0.7157558310313146,4255,7271,4255_7271,1,AGTAATTGAGTGCAAAACCACTGGTCATTAtagccagcttgtgacaaagcacacagttaa,TTAACTGTGTGCTTTGTCACAAGCTGGCTATAATGACCAGTGGTTTTGCACTCAATTACT,-+_4255_7271,,-+_4255_7271,1
-+_4290_2354,-+,4290,2354,3cb/sb,13022,0.7357871815919638,2354,4290,2354_4290,1,GTCAAATTCTTCAATGCGCATTCTATTGTTcactctgttagatgtagcaaccgcttgtta,TAACAAGCGGTTGCTACATCTAACAGAGTGAACAATAGAATGCGCATTGAAGAATTTGAC,,-+_2354_4290,-+_2354_4290,1
-+_4964_8435,-+,4964,8435,3cb/sb,6267,0.5704521050102492,4964,8435,4964_8435,0,AGCCCATAAGTGAAGCACTTCAAAGCTGCTcgagccagagcgaatagtatcgattttaga,TCTAAAATCGATACTATTCGCTCTGGCTCGAGCAGCTTTGAAGTGCTTCACTTATGGGCT,-+_4967_8432,,-+_4967_8432,1
-+_6125_9615,-+,6125,9615,3cb/sb,3926,0.7900392943596296,6125,9615,6125_9615,0,TCCAACGTCGCTCCTGTGAGTGGATCCACGgggttatgaagttgtatgttggtagactat,ATAGTCTACCAACATACAACTTCATAACCCCGTGGATCCACTCACAGGAGCGACGTTGGA,-+_6126_9614,,-+_6126_9614,1
-+_6240_3324,-+,6240,3324,3cb/sb,10102,0.8831689040466458,3324,6240,3324_6240,1,AATTGTCTTATTCACACGTATTTCATTTGGggtagcaaggtgtcgaatagcgtgtgtagg,CCTACACACGCTATTCGACACCTTGCTACCCCAAATGAAATACGTGTGAATAAGACAATT,,-+_3324_6240,-+_3324_6240,1
-+_6940_9114,-+,6940,9114,3cb/sb,3612,0.8344650321273676,6940,9114,6940_9114,1,CAAGTATTTTTCCGTCTTTCGTGCTCACCAgccgattacgaactgacggaggacaaaatg,CATTTTGTCCTCCGTCAGTTCGTAATCGGCTGGTGAGCACGAAAGACGGAAAAATACTTG,,-+_9114_6940,-+_9114_6940,1
-+_7271_4255,-+,7271,4255,3cb/sb,8140,0.6680313090711251,4255,7271,4255_7271,1,TTAACTGTGTGCTTTGTCACAAGCTGGCTAtaatgaccagtggttttgcactcaattact,AGTAATTGAGTGCAAAACCACTGGTCATTATAGCCAGCTTGTGACAAAGCACACAGTTAA,,-+_4255_7271,-+_4255_7271,1
-+_7304_8434,-+,7304,8434,3cb/sb,3928,0.6906263276506357,7304,8434,7304_8434,1,TTGAGATACAAGTCAAACATCTGACATTTTtcgagccagagcgaatagtatcgattttag,CTAAAATCGATACTATTCGCTCTGGCTCGAAAAATGTCAGATGTTTGACTTGTATCTCAA,,-+_8434_7304,-+_8434_7304,1
-+_7678_8307,-+,7678,8307,3cb/sb,3681,0.7209742216905116,7678,8307,7678_8307,0,TCCACACTCCCATCTTTCCTAAGAAGAGTCactatggcagacaactttcgtgaattgggc,GCCCAATTCACGAAAGTTGTCTGCCATAGTGACTCTTCTTAGGAAAGATGGGAGTGTGGA,,-+_8306_7679,-+_8306_7679,1
-+_8306_7679,-+,8306,7679,3cb/sb,3681,0.7636721932639896,7679,8306,7679_8306,1,CCCAATTCACGAAAGTTGTCTGCCATAGTGactcttcttaggaaagatgggagtgtggaa,TTCCACACTCCCATCTTTCCTAAGAAGAGTCACTATGGCAGACAACTTTCGTGAATTGGG,-+_8306_7679,,-+_8306_7679,1
-+_8432_4967,-+,8432,4967,3cb/sb,6267,0.7866575448915881,4967,8432,4967_8432,1,AAAATCGATACTATTCGCTCTGGCTCGAGCagctttgaagtgcttcacttatgggcttcc,GGAAGCCCATAAGTGAAGCACTTCAAAGCTGCTCGAGCCAGAGCGAATAGTATCGATTTT,,-+_4967_8432,-+_4967_8432,1
-+_8434_7304,-+,8434,7304,3cb/sb,3928,0.6747978803221498,7304,8434,7304_8434,1,CTAAAATCGATACTATTCGCTCTGGCTCGAaaaatgtcagatgtttgacttgtatctcaa,TTGAGATACAAGTCAAACATCTGACATTTTTCGAGCCAGAGCGAATAGTATCGATTTTAG,-+_8434_7304,,-+_8434_7304,1
-+_9052_3202,-+,9052,3202,3cb/sb,7412,0.6817047039726816,3202,9052,3202_9052,0,TTCGCGTTGACCGTGTGTTGGATAGATCCGaagccgatttaggcggcagatacagcgtgt,ACACGCTGTATCTGCCGCCTAAATCGGCTTCGGATCTATCCAACACACGGTCAACGCGAA,-+_9054_3200,,-+_9054_3200,1
-+_9114_6940,-+,9114,6940,3cb/sb,3612,0.719746119512588,6940,9114,6940_9114,1,CATTTTGTCCTCCGTCAGTTCGTAATCGGCtggtgagcacgaaagacggaaaaatacttg,CAAGTATTTTTCCGTCTTTCGTGCTCACCAGCCGATTACGAACTGACGGAGGACAAAATG,-+_9114_6940,,-+_9114_6940,1
-+_9614_6126,-+,9614,6126,3cb/sb,3926,0.6424298771287147,6126,9614,6126_9614,1,TAGTCTACCAACATACAACTTCATAACCCCgtggatccactcacaggagcgacgttggat,ATCCAACGTCGCTCCTGTGAGTGGATCCACGGGGTTATGAAGTTGTATGTTGGTAGACTA,,-+_6126_9614,-+_6126_9614,1
--_1004_7321,--,1004,7321,Insertion_reverse,16150,0.635484685411375,1004,7321,1004_7321,1,GTTGTTTTGTTACCCGAGTACCTGCTGAGAtcaaacatctgacattttcctttaactgtg,CACAGTTAAAGGAAAATGTCAGATGTTTGATCTCAGCAGGTACTCGGGTAACAAAACAAC,,++_7321_1004,++_7321_1004,1
--_1071_1973,--,1071,1973,Insertion_reverse,10735,0.6741896564930888,1071,1973,1071_1973,0,CTGGGTTAGAATTCCATCTCTAACGACTATtagtttgccgattgcaagtttccgtgaccc,GGGTCACGGAAACTTGCAATCGGCAAACTAATAGTCGTTAGAGATGGAATTCTAACCCAG,--_1072_1974,,--_1072_1974,1
--_1434_8579,--,1434,8579,Insertion_reverse,16978,0.6890669068675773,1434,8579,1434_8579,0,ATCGCGTAGCTGCGTTAACCTGTGCTTCATcatccacgcataaaacttacgtatctcgtg,CACGAGATACGTAAGTTTTATGCGTGGATGATGAAGCACAGGTTAACGCAGCTACGCGAT,,++_8581_1436,++_8581_1436,1
--_1502_4275,--,1502,4275,Insertion_reverse,12606,0.8314347636804519,1502,4275,1502_4275,1,AGTGCTTGCTCATACCTATCTAGTATCTGCgtgcaaaaccactggtcattactgagattg,CAATCTCAGTAATGACCAGTGGTTTTGCACGCAGATACTAGATAGGTATGAGCAAGCACT,,++_4275_1502,++_4275_1502,1
--_176_490,--,176,490,Insertion_reverse,10147,0.822625953109771,176,490,176_490,1,AACTGTACCATTCCGGTGGATGCTGGCTTGtcccagtccaaaaagagtgctctctccttg,CAAGGAGAGAGCACTCTTTTTGGACTGGGACAAGCCAGCATCCACCGGAATGGTACAGTT,--_176_490,,--_176_490,1
--_1803_5741,--,1803,5741,Insertion_reverse,13771,0.913110900475826,1803,5741,1803_5741,1,ATTTCCATTTCTATCGAGCTGGTTGTCGCAttgatggtgaactgcctcaagcgctccata,TATGGAGCGCTTGAGGCAGTTCACCATCAATGCGACAACCAGCTCGATAGAAATGGAAAT,--_1803_5741,,--_1803_5741,1
--_2302_1051,--,2302,1051,Deletion_reverse,8582,0.7361037148574158,1051,2302,1051_2302,1,CTAGTTTATCCCTAACAACTTTCGTGAACTaccactcctggatttatggttgttttgtta,TAACAAAACAACCATAAATCCAGGAGTGGTAGTTCACGAAAGTTGTTAGGGATAAACTAG,--_2302_1051,,--_2302_1051,1
--_2746_8223,--,2746,8223,Insertion_reverse,15310,0.709246744022934,2746,8223,2746_8223,1,GAGATCCACTATTGTAAAATGCCAGGATGAactcacttggaattccgcttttcttgagtg,CACTCAAGAAAAGCGGAATTCCAAGTGAGTTCATCCTGGCATTTTACAATAGTGGATCTC,,++_8223_2746,++_8223_2746,1
--_2926_4060,--,2926,4060,Insertion_reverse,10967,0.6935038521859209,2926,4060,2926_4060,0,CATCTGGTCCATTAACATTAGCCTTAGCTTagcaatatgtctctgtcactttcgtgtgct,AGCACACGAAAGTGACAGAGACATATTGCTAAGCTAAGGCTAATGTTAATGGACCAGATG,,++_4061_2927,++_4061_2927,1
--_2956_620,--,2956,620,Deletion_reverse,7497,0.722271437421127,620,2956,620_2956,0,TGAATCTGTTACACGCGCGAGTGGCTGCGTacgcctttcccttgcgcgcttttgcttcat,ATGAAGCAAAAGCGCGCAAGGGAAAGGCGTACGCAGCCACTCGCGCGTGTAACAGATTCA,--_2957_621,,--_2957_621,1
--_2983_7883,--,2983,7883,Insertion_reverse,14733,0.7174866342102254,2983,7883,2983_7883,1,GTTCTGCCATGTGCAAAAGCATGCCCATGActttgtcatgccaacactccaaggagctct,AGAGCTCCTTGGAGTGTTGGCATGACAAAGTCATGGGCATGCTTTTGCACATGGCAGAAC,--_2983_7883,,--_2983_7883,1
--_3087_8779,--,3087,8779,Insertion_reverse,15525,0.6867146813663341,3087,8779,3087_8779,1,CTCGTTCCATGCCTCGTCCAAGATTTGTAGcctgcatcaggcgtctcacctgcctggtga,TCACCAGGCAGGTGAGACGCCTGATGCAGGCTACAAATCTTGGACGAGGCATGGAACGAG,--_3087_8779,,--_3087_8779,1
--_3193_8076,--,3193,8076,Insertion_reverse,14716,0.7733925669046608,3193,8076,3193_8076,1,ATCTGCCGCCTAAATCGGCTTCGCTTTTCAacacgatttcggtgtacaaatttctcagca,TGCTGAGAAATTTGTACACCGAAATCGTGTTGAAAAGCGAAGCCGATTTAGGCGGCAGAT,,++_8076_3193,++_8076_3193,1
--_3598_3792,--,3598,3792,Insertion_reverse,10027,0.902134589788616,3598,3792,3598_3792,1,GCTCGATATGCTCACTTAGATGTGGTGCCTgttcgacagtggcgactagtcccttaagct,AGCTTAAGGGACTAGTCGCCACTGTCGAACAGGCACCACATCTAAGTGAGCATATCGAGC,,++_3792_3598,++_3792_3598,1
--_3611_4844,--,3611,4844,Insertion_reverse,11066,0.7471145412549753,3611,4844,3611_4844,0,GCCTTTTCTTCAGGCTCGATATGCTCACTTgatgcttgcctttgttgtgctaagcattct,AGAATGCTTAGCACAACAAAGGCAAGCATCAAGTGAGCATATCGAGCCTGAAGAAAAGGC,,++_4845_3612,++_4845_3612,1
--_3647_2365,--,3647,2365,Deletion_reverse,8551,0.7372780741526258,2365,3647,2365_3647,1,TCTTGCTCGGATTGTCTCTTTGCTTGATGAtctaacagagtgggccacttgccaagttcg,CGAACTTGGCAAGTGGCCCACTCTGTTAGATCATCAAGCAAAGAGACAATCCGAGCAAGA,,++_2365_3647,++_2365_3647,1
--_3885_7826,--,3885,7826,Insertion_reverse,13774,0.843339603981783,3885,7826,3885_7826,1,TGTCTTTTCAGCTGGAAGTTGTTGGAGCACgaaatcatccacgcagacctttccacccag,CTGGGTGGAAAGGTCTGCGTGGATGATTTCGTGCTCCAACAACTTCCAGCTGAAAAGACA,--_3885_7826,,--_3885_7826,1
--_4600_5215,--,4600,5215,Insertion_reverse,10448,0.6504916207027094,4600,5215,4600_5215,1,AGTCTCTTTCAATTAAAAGTTTTGAAAGCGttcactcctcggtgaggtatggctaatttg,CAAATTAGCCATACCTCACCGAGGAGTGAACGCTTTCAAAACTTTTAATTGAAAGAGACT,,++_5215_4600,++_5215_4600,1
--_4653_4559,--,4653,4559,Deletion_reverse,9739,0.7988075080297379,4559,4653,4559_4653,0,GATCTCGATGTTTCCAACTTTCATCGTTCTgtctccttttgaaatcacatcacagttgct,AGCAACTGTGATGTGATTTCAAAAGGAGACAGAACGATGAAAGTTGGAAACATCGAGATC,--_4654_4560,,--_4654_4560,1
--_4795_4531,--,4795,4531,Deletion_reverse,9569,0.7095554392196535,4531,4795,4531_4795,0,TAAGCATTCTACTGTCTGTGTCAAGGTATGcttccactaccctgtgcgttcacaaaatcc,GGATTTTGTGAACGCACAGGGTAGTGGAAGCATACCTTGACACAGACAGTAGAATGCTTA,,++_4533_4797,++_4533_4797,1
--_5083_7573,--,5083,7573,Insertion_reverse,12323,0.839087029271851,5083,7573,5083_7573,0,CATATCTCACCACTTGGCTTGTGTAGAACGttaagagcttcgaatatgtcattctcatca,TGATGAGAATGACATATTCGAAGCTCTTAACGTTCTACACAAGCCAAGTGGTGAGATATG,,++_7574_5084,++_7574_5084,1
--_5147_3516,--,5147,3516,Deletion_reverse,8202,0.5782869369010405,3516,5147,3516_5147,1,ATCTCAGAGTCTCTGAGTTTGAATCTCTTTgttcccattctattttcctgcgctctgtct,AGACAGAGCGCAGGAAAATAGAATGGGAACAAAGAGATTCAAACTCAGAGACTCTGAGAT,--_5147_3516,,--_5147_3516,1
--_5149_8484,--,5149,8484,Insertion_reverse,13168,0.8609826929506116,5149,8484,5149_8484,1,CAATCTCAGAGTCTCTGAGTTTGAATCTCTgctctttcgaccgatcccattctaaaatcg,CGATTTTAGAATGGGATCGGTCGAAAGAGCAGAGATTCAAACTCAGAGACTCTGAGATTG,--_5149_8484,,--_5149_8484,1
--_6040_6000,--,6040,6000,Deletion_reverse,9793,0.7770457615371458,6000,6040,6000_6040,1,TGTTTTTGTGCCCGATACCACGTGTCCTGCagtgctctatggtgtcatcatctccgtata,TATACGGAGATGATGACACCATAGAGCACTGCAGGACACGTGGTATCGGGCACAAAAACA,,++_6000_6040,++_6000_6040,1
--_6060_1784,--,6060,1784,Deletion_reverse,5557,0.8391153676229073,1784,6060,1784_6060,1,ATACATATTGATGAACTTCCTGTTTTTGTGgtgcgctttctgggagatcttgttgcgaaa,TTTCGCAACAAGATCTCCCAGAAAGCGCACCACAAAAACAGGAAGTTCATCAATATGTAT,,++_1784_6060,++_1784_6060,1
--_6104_4165,--,6104,4165,Deletion_reverse,7894,0.6566293162548645,4165,6104,4165_6104,0,GGATCCACGAAACGAACTGCAGAGAAATCTacgttttctgcaagtggccgagttggctca,TGAGCCAACTCGGCCACTTGCAGAAAACGTAGATTTCTCTGCAGTTCGTTTCGTGGATCC,,++_4166_6105,++_4166_6105,1
--_6110_7724,--,6110,7724,Insertion_reverse,11447,0.789735029950157,6110,7724,6110_7724,1,GTGAGTGGATCCACGAAACGAACTGCAGAGtgccttcaacgagccgttccacactcccat,ATGGGAGTGTGGAACGGCTCGTTGAAGGCACTCTGCAGTTCGTTTCGTGGATCCACTCAC,,++_7724_6110,++_7724_6110,1
--_6225_704,--,6225,704,Deletion_reverse,4312,0.6106585312461137,704,6225,704_6225,1,ACGTATTTCATTTGGATCCAACTCATCCTCgatcgcgctcgcagagagtcctcctccaat,ATTGGAGGAGGACTCTCTGCGAGCGCGATCGAGGATGAGTTGGATCCAAATGAAATACGT,--_6225_704,,--_6225_704,1
--_6504_742,--,6504,742,Deletion_reverse,4071,0.6055688037379394,742,6504,742_6504,0,ACAAATGTTGTTTGATATTGGGTTGTAGTCttgtgaagcggccactttgtgtgaacctct,AGAGGTTCACACAAAGTGGCCGCTTCACAAGACTACAACCCAATATCAAACAACATTTGT,,++_745_6507,++_745_6507,1
--_6901_8812,--,6901,8812,Insertion_reverse,11744,0.7505507630078647,6901,8812,6901_8812,1,CGCATTGACCGTCTTTCGTGCTAATCCAGTtccttttccgcctgcttctgctcatctgtc,GACAGATGAGCAGAAGCAGGCGGAAAAGGAACTGGATTAGCACGAAAGACGGTCAATGCG,--_6901_8812,,--_6901_8812,1
--_6924_2962,--,6924,2962,Deletion_reverse,5871,0.7996771603735195,2962,6924,2962_6924,0,TTTCGTGCTCACCATTGGACTTCCGCATTGgctgcgtcatctggtccattaacattagcc,GGCTAATGTTAATGGACCAGATGACGCAGCCAATGCGGAAGTCCAATGGTGAGCACGAAA,,++_2963_6925,++_2963_6925,1
--_7019_4022,--,7019,4022,Deletion_reverse,6836,0.6654932850355056,4022,7019,4022_7019,1,AGATACTTCTCGGCAAAATCGTCTGGGAAAcgcgacttccgtggcagttgctctggtaaa,TTTACCAGAGCAACTGCCACGGAAGTCGCGTTTCCCAGACGATTTTGCCGAGAAGTATCT,,++_4022_7019,++_4022_7019,1
--_7242_3859,--,7242,3859,Deletion_reverse,6450,0.8239020488929336,3859,7242,3859_7242,1,AGGGCAGTGTGCTACCGCTTTCAGGTTCCCtcgacgaagagattcctctcgctcaagtca,TGACTTGAGCGAGAGGAATCTCTTCGTCGAGGGAACCTGAAAGCGGTAGCACACTGCCCT,--_7242_3859,,--_7242_3859,1
--_7470_8365,--,7470,8365,Insertion_reverse,10728,0.8599281616851555,7470,8365,7470_8365,1,TACGACTATTTCAACTGTCTTTTCAAACAGctggtccttgagtcgaaagtatacttcagg,CCTGAAGTATACTTTCGACTCAAGGACCAGCTGTTTGAAAAGACAGTTGAAATAGTCGTA,,++_8365_7470,++_8365_7470,1
--_7501_8757,--,7501,8757,Insertion_reverse,11089,0.7730635571824284,7501,8757,7501_8757,1,ATGTTTCGAAACCATAACCTCGCAGATCTGcctggtgataaacacaagtctcagcaccat,ATGGTGCTGAGACTTGTGTTTATCACCAGGCAGATCTGCGAGGTTATGGTTTCGAAACAT,--_7501_8757,,--_7501_8757,1
--_8254_3000,--,8254,3000,Deletion_reverse,4579,0.6667643620283239,3000,8254,3000_8254,1,GGTGTACGCTTAGCAGTAAATCATCTCCGTgcaaaagcatgcccatgaatctgttacacg,CGTGTAACAGATTCATGGGCATGCTTTTGCACGGAGATGATTTACTGCTAAGCGTACACC,--_8254_3000,,--_8254_3000,1
--_8273_1909,--,8273,1909,Deletion_reverse,3469,0.8607524130052715,1909,8273,1909_8273,1,AGGATATACTCATACTCTGGGTGTACGCTTcctttctttggatcgattatctcaaagtag,CTACTTTGAGATAATCGATCCAAAGAAAGGAAGCGTACACCCAGAGTATGAGTATATCCT,--_8273_1909,,--_8273_1909,1
--_8357_5016,--,8357,5016,Deletion_reverse,6492,0.8237138533978958,5016,8357,5016_8357,1,AACCAAAGGTCTCCTTTTTCCCTGGTCCTTagacgttgttggtgatcactggaagcccat,ATGGGCTTCCAGTGATCACCAACAACGTCTAAGGACCAGGGAAAAAGGAGACCTTTGGTT,,++_5016_8357,++_5016_8357,1
--_8595_5065,--,8595,5065,Deletion_reverse,6303,0.6762311702336526,5065,8595,5065_8595,1,AGCTTTCCCTTCTTGTGCTAAGGAGCTAAAgacattgttcgtgcctgcttcaccgttaca,TGTAACGGTGAAGCAGGCACGAACAATGTCTTTAGCTCCTTAGCACAAGAAGGGAAAGCT,--_8595_5065,,--_8595_5065,1
--_8665_4479,--,8665,4479,Deletion_reverse,5647,0.7303107930094817,4479,8665,4479_8665,1,GGGTGAGATCCTCTTGAGCTGGTTCCTTATtgcttattgacacggggtattgagtggaga,TCTCCACTCAATACCCCGTGTCAATAAGCAATAAGGAACCAGCTCAAGAGGATCTCACCC,--_8665_4479,,--_8665_4479,1
--_8925_9229,--,8925,9229,Insertion_reverse,10137,0.8899082615348495,8925,9229,8925_9229,1,GGGTACACTGAAAGTTCCAGAGGTTCCGGCccgtccatcatcacccacattccgtttatg,CATAAACGGAATGTGGGTGATGATGGACGGGCCGGAACCTCTGGAACTTTCAGTGTACCC,--_8925_9229,,--_8925_9229,1
--_918_8831,--,918,8831,Insertion_reverse,17746,0.7983075215628479,918,8831,918_8831,1,CCCGAGTAAGTGTACTACTTGGATCCTTGCcttctctctctccttcttctccttttccgc,GCGGAAAAGGAGAAGAAGGAGAGAGAGAAGGCAAGGATCCAAGTAGTACACTTACTCGGG,--_918_8831,,--_918_8831,1
--_9347_8648,--,9347,8648,Deletion_reverse,9134,0.7414883243799577,8648,9347,8648_9347,0,AGACCATATCGTGGCATGTATGGTCGGTCTcagcgctgtttccgctatgtaaggagcttt,AAAGCTCCTTACATAGCGGAAACAGCGCTGAGACCGACCATACATGCCACGATATGGTCT,,++_8649_9348,++_8649_9348,1
--_9640_5891,--,9640,5891,Deletion_reverse,6084,0.526255433057865,5891,9640,5891_9640,0,TACTAACGAGTAAACTTAAATACTTATAGTtacgggttcagagatctttgaccgcaggtg,CACCTGCGGTCAAAGATCTCTGAACCCGTAACTATAAGTATTTAAGTTTACTCGTTAGTA,--_9642_5893,,--_9642_5893,1
--_9680_7365,--,9680,7365,Deletion_reverse,7518,0.7211305834975479,7365,9680,7365_9680,1,GGCTGCTTTAACAAACTTACATATTTCCCAgttggaaatactctcgtgcttcatcatgca,TGCATGATGAAGCACGAGAGTATTTCCAACTGGGAAATATGTAAGTTTGTTAAAGCAGCC,,++_7365_9680,++_7365_9680,1
