DVG_type,BP,RI,read_counts_ditector,sense,ID_DI,cID_DI,start,end,id,TP_exact,seq_around_junction,seq_around_junction_reverseCompl,inWholeSeq,inWholeSeq_asRevCompl,in_idSeq,TP_seq
3cb/sb,6940,9114,10,-+,6940_9114,-+_6940_9114,6940,9114,6940_9114,1,CAAGTATTTTTCCGTCTTTCGTGCTCACCAgccgattacgaactgacggaggacaaaatg,CATTTTGTCCTCCGTCAGTTCGTAATCGGCTGGTGAGCACGAAAGACGGAAAAATACTTG,,-+_9114_6940,-+_9114_6940,1
3cb/sb,9114,6940,8,-+,9114_6940,-+_9114_6940,6940,9114,6940_9114,1,CATTTTGTCCTCCGTCAGTTCGTAATCGGCtggtgagcacgaaagacggaaaaatacttg,CAAGTATTTTTCCGTCTTTCGTGCTCACCAGCCGATTACGAACTGACGGAGGACAAAATG,-+_9114_6940,,-+_9114_6940,1
3cb/sb,7678,8307,11,-+,7678_8307,-+_7678_8307,7678,8307,7678_8307,0,TCCACACTCCCATCTTTCCTAAGAAGAGTCactatggcagacaactttcgtgaattgggc,GCCCAATTCACGAAAGTTGTCTGCCATAGTGACTCTTCTTAGGAAAGATGGGAGTGTGGA,,-+_8306_7679,-+_8306_7679,1
3cb/sb,8306,7679,18,-+,8306_7679,-+_8306_7679,7679,8306,7679_8306,1,CCCAATTCACGAAAGTTGTCTGCCATAGTGactcttcttaggaaagatgggagtgtggaa,TTCCACACTCCCATCTTTCCTAAGAAGAGTCACTATGGCAGACAACTTTCGTGAATTGGG,-+_8306_7679,,-+_8306_7679,1
3cb/sb,6125,9615,4,-+,6125_9615,-+_6125_9615,6125,9615,6125_9615,0,TCCAACGTCGCTCCTGTGAGTGGATCCACGgggttatgaagttgtatgttggtagactat,ATAGTCTACCAACATACAACTTCATAACCCCGTGGATCCACTCACAGGAGCGACGTTGGA,-+_6126_9614,,-+_6126_9614,1
3cb/sb,9614,6126,7,-+,9614_6126,-+_9614_6126,6126,9614,6126_9614,1,TAGTCTACCAACATACAACTTCATAACCCCgtggatccactcacaggagcgacgttggat,ATCCAACGTCGCTCCTGTGAGTGGATCCACGGGGTTATGAAGTTGTATGTTGGTAGACTA,,-+_6126_9614,-+_6126_9614,1
3cb/sb,7304,8434,16,-+,7304_8434,-+_7304_8434,7304,8434,7304_8434,1,TTGAGATACAAGTCAAACATCTGACATTTTtcgagccagagcgaatagtatcgattttag,CTAAAATCGATACTATTCGCTCTGGCTCGAAAAATGTCAGATGTTTGACTTGTATCTCAA,,-+_8434_7304,-+_8434_7304,1
3cb/sb,8434,7304,8,-+,8434_7304,-+_8434_7304,7304,8434,7304_8434,1,CTAAAATCGATACTATTCGCTCTGGCTCGAaaaatgtcagatgtttgacttgtatctcaa,TTGAGATACAAGTCAAACATCTGACATTTTTCGAGCCAGAGCGAATAGTATCGATTTTAG,-+_8434_7304,,-+_8434_7304,1
3cb/sb,4964,8435,12,-+,4964_8435,-+_4964_8435,4964,8435,4964_8435,0,AGCCCATAAGTGAAGCACTTCAAAGCTGCTcgagccagagcgaatagtatcgattttaga,TCTAAAATCGATACTATTCGCTCTGGCTCGAGCAGCTTTGAAGTGCTTCACTTATGGGCT,-+_4967_8432,,-+_4967_8432,1
3cb/sb,8432,4967,9,-+,8432_4967,-+_8432_4967,4967,8432,4967_8432,1,AAAATCGATACTATTCGCTCTGGCTCGAGCagctttgaagtgcttcacttatgggcttcc,GGAAGCCCATAAGTGAAGCACTTCAAAGCTGCTCGAGCCAGAGCGAATAGTATCGATTTT,,-+_4967_8432,-+_4967_8432,1
3cb/sb,3200,9054,9,-+,3200_9054,-+_3200_9054,3200,9054,3200_9054,1,ACGCTGTATCTGCCGCCTAAATCGGCTTCGgatctatccaacacacggtcaacgcgaaag,CTTTCGCGTTGACCGTGTGTTGGATAGATCCGAAGCCGATTTAGGCGGCAGATACAGCGT,,-+_9054_3200,-+_9054_3200,1
3cb/sb,9052,3202,8,-+,9052_3202,-+_9052_3202,3202,9052,3202_9052,0,TTCGCGTTGACCGTGTGTTGGATAGATCCGaagccgatttaggcggcagatacagcgtgt,ACACGCTGTATCTGCCGCCTAAATCGGCTTCGGATCTATCCAACACACGGTCAACGCGAA,-+_9054_3200,,-+_9054_3200,1
3cb/sb,4252,7274,1,-+,4252_7274,-+_4252_7274,4252,7274,4252_7274,0,AATTGAGTGCAAAACCACTGGTCATTACTGccagcttgtgacaaagcacacagttaaagg,CCTTTAACTGTGTGCTTTGTCACAAGCTGGCAGTAATGACCAGTGGTTTTGCACTCAATT,,,,0
3cb/sb,4255,7271,8,-+,4255_7271,-+_4255_7271,4255,7271,4255_7271,1,AGTAATTGAGTGCAAAACCACTGGTCATTAtagccagcttgtgacaaagcacacagttaa,TTAACTGTGTGCTTTGTCACAAGCTGGCTATAATGACCAGTGGTTTTGCACTCAATTACT,-+_4255_7271,,-+_4255_7271,1
3cb/sb,7271,4255,11,-+,7271_4255,-+_7271_4255,4255,7271,4255_7271,1,TTAACTGTGTGCTTTGTCACAAGCTGGCTAtaatgaccagtggttttgcactcaattact,AGTAATTGAGTGCAAAACCACTGGTCATTATAGCCAGCTTGTGACAAAGCACACAGTTAA,,-+_4255_7271,-+_4255_7271,1
3cb/sb,3324,6240,13,-+,3324_6240,-+_3324_6240,3324,6240,3324_6240,1,CCTACACACGCTATTCGACACCTTGCTACCccaaatgaaatacgtgtgaataagacaatt,AATTGTCTTATTCACACGTATTTCATTTGGGGTAGCAAGGTGTCGAATAGCGTGTGTAGG,-+_3324_6240,,-+_3324_6240,1
3cb/sb,6240,3324,16,-+,6240_3324,-+_6240_3324,3324,6240,3324_6240,1,AATTGTCTTATTCACACGTATTTCATTTGGggtagcaaggtgtcgaatagcgtgtgtagg,CCTACACACGCTATTCGACACCTTGCTACCCCAAATGAAATACGTGTGAATAAGACAATT,,-+_3324_6240,-+_3324_6240,1
3cb/sb,3409,4133,10,-+,3409_4133,-+_3409_4133,3409,4133,3409_4133,1,CCTCGGCGGTCATCTTGATTAGTAAGCTGAccttgagccaactcggccacttgcagaaaa,TTTTCTGCAAGTGGCCGAGTTGGCTCAAGGTCAGCTTACTAATCAAGATGACCGCCGAGG,-+_3409_4133,,-+_3409_4133,1
3cb/sb,4133,3409,15,-+,4133_3409,-+_4133_3409,3409,4133,3409_4133,1,TTTTCTGCAAGTGGCCGAGTTGGCTCAAGGtcagcttactaatcaagatgaccgccgagg,CCTCGGCGGTCATCTTGATTAGTAAGCTGACCTTGAGCCAACTCGGCCACTTGCAGAAAA,,-+_3409_4133,-+_3409_4133,1
3cb/sb,2351,4293,1,-+,2351_4293,-+_2351_4293,2351,4293,2351_4293,0,CAAGCGGTTGCTACATCTAACAGAGTGGGCaatagaatgcgcattgaagaatttgacttt,AAAGTCAAATTCTTCAATGCGCATTCTATTGCCCACTCTGTTAGATGTAGCAACCGCTTG,,,,0
3cb/sb,2354,4290,11,-+,2354_4290,-+_2354_4290,2354,4290,2354_4290,1,TAACAAGCGGTTGCTACATCTAACAGAGTGaacaatagaatgcgcattgaagaatttgac,GTCAAATTCTTCAATGCGCATTCTATTGTTCACTCTGTTAGATGTAGCAACCGCTTGTTA,-+_2354_4290,,-+_2354_4290,1
3cb/sb,4287,2357,1,-+,4287_2357,-+_4287_2357,2357,4287,2357_4287,0,AAATTCTTCAATGCGCATTCTATTGTTTGCtctgttagatgtagcaaccgcttgttattt,AAATAACAAGCGGTTGCTACATCTAACAGAGCAAACAATAGAATGCGCATTGAAGAATTT,,,,0
3cb/sb,4290,2354,9,-+,4290_2354,-+_4290_2354,2354,4290,2354_4290,1,GTCAAATTCTTCAATGCGCATTCTATTGTTcactctgttagatgtagcaaccgcttgtta,TAACAAGCGGTTGCTACATCTAACAGAGTGAACAATAGAATGCGCATTGAAGAATTTGAC,,-+_2354_4290,-+_2354_4290,1
3cb/sb,1500,2388,12,-+,1500_2388,-+_1500_2388,1500,2388,1500_2388,0,TGCTTGCTCATACCTATCTAGTATCTGCACctgaaggtattttacccagacgttgctaac,GTTAGCAACGTCTGGGTAAAATACCTTCAGGTGCAGATACTAGATAGGTATGAGCAAGCA,,-+_2387_1501,-+_2387_1501,1
3cb/sb,2387,1501,8,-+,2387_1501,-+_2387_1501,1501,2387,1501_2387,1,TTAGCAACGTCTGGGTAAAATACCTTCAGGtgcagatactagataggtatgagcaagcac,GTGCTTGCTCATACCTATCTAGTATCTGCACCTGAAGGTATTTTACCCAGACGTTGCTAA,-+_2387_1501,,-+_2387_1501,1
3cb/sb,1035,2543,14,-+,1035_2543,-+_1035_2543,1035,2543,1035_2543,1,CCAACCTGCGCAAACCACTCCTGGATTTATcacaagatgcaatttggagtcaagcttaaa,TTTAAGCTTGACTCCAAATTGCATCTTGTGATAAATCCAGGAGTGGTTTGCGCAGGTTGG,,-+_2543_1035,-+_2543_1035,1
3cb/sb,2542,1036,15,-+,2542_1036,-+_2542_1036,1036,2542,1036_2542,0,TTAAGCTTGACTCCAAATTGCATCTTGTGAtaaatccaggagtggtttgcgcaggttgga,TCCAACCTGCGCAAACCACTCCTGGATTTATCACAAGATGCAATTTGGAGTCAAGCTTAA,-+_2543_1035,,-+_2543_1035,1
5cb/sb,101,4016,1,+-,101_4016,+-_101_4016,101,4016,101_4016,0,AATCAAAGATTCTCAAATCTTTCATCGTTAttccgtggcagttgctctggtaaaagtcat,ATGACTTTTACCAGAGCAACTGCCACGGAATAACGATGAAAGATTTGAGAATCTTTGATT,,+-_4015_102,+-_4015_102,1
5cb/sb,102,4015,5,+-,102_4015,+-_102_4015,102,4015,102_4015,1,ATCAAAGATTCTCAAATCTTTCATCGTTATtccgtggcagttgctctggtaaaagtcatg,CATGACTTTTACCAGAGCAACTGCCACGGAATAACGATGAAAGATTTGAGAATCTTTGAT,,+-_4015_102,+-_4015_102,1
5cb/sb,4015,102,1,+-,4015_102,+-_4015_102,102,4015,102_4015,1,CATGACTTTTACCAGAGCAACTGCCACGGAataacgatgaaagatttgagaatctttgat,ATCAAAGATTCTCAAATCTTTCATCGTTATTCCGTGGCAGTTGCTCTGGTAAAAGTCATG,+-_4015_102,,+-_4015_102,1
5cb/sb,4016,101,7,+-,4016_101,+-_4016_101,101,4016,101_4016,0,ATGACTTTTACCAGAGCAACTGCCACGGAAtaacgatgaaagatttgagaatctttgatt,AATCAAAGATTCTCAAATCTTTCATCGTTATTCCGTGGCAGTTGCTCTGGTAAAAGTCAT,+-_4015_102,,+-_4015_102,1
5cb/sb,1460,2998,13,+-,1460_2998,+-_1460_2998,1460,2998,1460_2998,1,TCCATGAAGCACAGGTTAACGCAGCTACGCaaaagcatgcccatgaatctgttacacgcg,CGCGTGTAACAGATTCATGGGCATGCTTTTGCGTAGCTGCGTTAACCTGTGCTTCATGGA,+-_1460_2998,,+-_1460_2998,1
5cb/sb,2998,1460,1,+-,2998_1460,+-_2998_1460,1460,2998,1460_2998,1,CGCGTGTAACAGATTCATGGGCATGCTTTTgcgtagctgcgttaacctgtgcttcatgga,TCCATGAAGCACAGGTTAACGCAGCTACGCAAAAGCATGCCCATGAATCTGTTACACGCG,,+-_1460_2998,+-_1460_2998,1
5cb/sb,2999,1459,1,+-,2999_1459,+-_2999_1459,1459,2999,1459_2999,0,GCGTGTAACAGATTCATGGGCATGCTTTTGcgtagctgcgttaacctgtgcttcatggat,ATCCATGAAGCACAGGTTAACGCAGCTACGCAAAAGCATGCCCATGAATCTGTTACACGC,,+-_1460_2998,+-_1460_2998,1
5cb/sb,3000,1458,14,+-,3000_1458,+-_3000_1458,1458,3000,1458_3000,0,CGTGTAACAGATTCATGGGCATGCTTTTGCgtagctgcgttaacctgtgcttcatggatg,CATCCATGAAGCACAGGTTAACGCAGCTACGCAAAAGCATGCCCATGAATCTGTTACACG,,+-_1460_2998,+-_1460_2998,1
5cb/sb,3492,974,1,+-,3492_974,+-_3492_974,974,3492,974_3492,0,GAAGGCTCAAACTGGATATTGAGGAGACAGagctgataagtcgcgctgcgctctcttccc,GGGAAGAGAGCGCAGCGCGACTTATCAGCTCTGTCTCCTCAATATCCAGTTTGAGCCTTC,,,,0
5cb/sb,970,3497,7,+-,970_3497,+-_970_3497,970,3497,970_3497,1,ACTCGGGAAGAGAGCGCAGCGCGACTTATCgcgctctgtctcctcaatatccagtttgag,CTCAAACTGGATATTGAGGAGACAGAGCGCGATAAGTCGCGCTGCGCTCTCTTCCCGAGT,,+-_3497_970,+-_3497_970,1
5cb/sb,3497,970,15,+-,3497_970,+-_3497_970,970,3497,970_3497,1,CTCAAACTGGATATTGAGGAGACAGAGCGCgataagtcgcgctgcgctctcttcccgagt,ACTCGGGAAGAGAGCGCAGCGCGACTTATCGCGCTCTGTCTCCTCAATATCCAGTTTGAG,+-_3497_970,,+-_3497_970,1
5cb/sb,163,4932,9,+-,163_4932,+-_163_4932,163,4932,163_4932,1,AGTAGTTACATTCGCATCGGCTATCACCAAaccctttctctgtgtgacctattcgcaggg,CCCTGCGAATAGGTCACACAGAGAAAGGGTTTGGTGATAGCCGATGCGAATGTAACTACT,+-_163_4932,,+-_163_4932,1
5cb/sb,4933,162,5,+-,4933_162,+-_4933_162,162,4933,162_4933,0,CCTGCGAATAGGTCACACAGAGAAAGGGTTtggtgatagccgatgcgaatgtaactactg,CAGTAGTTACATTCGCATCGGCTATCACCAAACCCTTTCTCTGTGTGACCTATTCGCAGG,,+-_163_4932,+-_163_4932,1
5cb/sb,3532,2681,1,+-,3532_2681,+-_3532_2681,2681,3532,2681_3532,0,AATAGAATGGGAACTTGCATTCCACCATGCctttggtctatagactccttttatgagcct,AGGCTCATAAAAGGAGTCTATAGACCAAAGGCATGGTGGAATGCAAGTTCCCATTCTATT,,,,0
5cb/sb,2675,3539,1,+-,2675_3539,+-_2675_3539,2675,3539,2675_3539,0,ATCAAGAGGCTCATAAAAGGAGTCTATAGAcagaatggcatggtggaatgcaagttccca,TGGGAACTTGCATTCCACCATGCCATTCTGTCTATAGACTCCTTTTATGAGCCTCTTGAT,,,,0
5cb/sb,2677,3537,12,+-,2677_3537,+-_2677_3537,2677,3537,2677_3537,1,CAAGAGGCTCATAAAAGGAGTCTATAGACCgaatggcatggtggaatgcaagttcccatt,AATGGGAACTTGCATTCCACCATGCCATTCGGTCTATAGACTCCTTTTATGAGCCTCTTG,+-_2677_3537,,+-_2677_3537,1
5cb/sb,3534,2680,2,+-,3534_2680,+-_3534_2680,2680,3534,2680_3534,0,TAGAATGGGAACTTGCATTCCACCATGCCAtttggtctatagactccttttatgagcctc,GAGGCTCATAAAAGGAGTCTATAGACCAAATGGCATGGTGGAATGCAAGTTCCCATTCTA,,,,0
5cb/sb,3535,2679,2,+-,3535_2679,+-_3535_2679,2679,3535,2679_3535,0,AGAATGGGAACTTGCATTCCACCATGCCATttggtctatagactccttttatgagcctct,AGAGGCTCATAAAAGGAGTCTATAGACCAAATGGCATGGTGGAATGCAAGTTCCCATTCT,,,,0
5cb/sb,3537,2677,8,+-,3537_2677,+-_3537_2677,2677,3537,2677_3537,1,AATGGGAACTTGCATTCCACCATGCCATTCggtctatagactccttttatgagcctcttg,CAAGAGGCTCATAAAAGGAGTCTATAGACCGAATGGCATGGTGGAATGCAAGTTCCCATT,,+-_2677_3537,+-_2677_3537,1
5cb/sb,762,8125,8,+-,762_8125,+-_762_8125,762,8125,762_8125,1,CGCTTCACAAGACACCGTCAATGAAGAAGAcctttgaacttcttgacgagtgtaccatct,AGATGGTACACTCGTCAAGAAGTTCAAAGGTCTTCTTCATTGACGGTGTCTTGTGAAGCG,+-_762_8125,,+-_762_8125,1
5cb/sb,8125,762,14,+-,8125_762,+-_8125_762,762,8125,762_8125,1,AGATGGTACACTCGTCAAGAAGTTCAAAGGtcttcttcattgacggtgtcttgtgaagcg,CGCTTCACAAGACACCGTCAATGAAGAAGACCTTTGAACTTCTTGACGAGTGTACCATCT,,+-_762_8125,+-_762_8125,1
5cb/sb,1707,7655,16,+-,1707_7655,+-_1707_7655,1707,7655,1707_7655,0,CCACGAAACATTTGCTTGAGATAGCACGATttcttctttcatctcaggtgtgaactcagc,GCTGAGTTCACACCTGAGATGAAAGAAGAAATCGTGCTATCTCAAGCAAATGTTTCGTGG,+-_1706_7656,,+-_1706_7656,1
5cb/sb,7657,1705,8,+-,7657_1705,+-_7657_1705,1705,7657,1705_7657,0,TGAGTTCACACCTGAGATGAAAGAAGAAATcgtgctatctcaagcaaatgtttcgtggcc,GGCCACGAAACATTTGCTTGAGATAGCACGATTTCTTCTTTCATCTCAGGTGTGAACTCA,,+-_1706_7656,+-_1706_7656,1
5cb/sb,1038,8980,3,+-,1038_8980,+-_1038_8980,1038,8980,1038_8980,0,GCAGGTACTCGGGTAACAAAACAACCATAAattttgcttgttaggctcttaagtctgggt,ACCCAGACTTAAGAGCCTAACAAGCAAAATTTATGGTTGTTTTGTTACCCGAGTACCTGC,+-_1039_8979,,+-_1039_8979,1
5cb/sb,1040,8978,10,+-,1040_8978,+-_1040_8978,1040,8978,1040_8978,0,AGGTACTCGGGTAACAAAACAACCATAAATtttgcttgttaggctcttaagtctgggtac,GTACCCAGACTTAAGAGCCTAACAAGCAAAATTTATGGTTGTTTTGTTACCCGAGTACCT,+-_1039_8979,,+-_1039_8979,1
5cb/sb,8978,1040,1,+-,8978_1040,+-_8978_1040,1040,8978,1040_8978,0,GTACCCAGACTTAAGAGCCTAACAAGCAAAatttatggttgttttgttacccgagtacct,AGGTACTCGGGTAACAAAACAACCATAAATTTTGCTTGTTAGGCTCTTAAGTCTGGGTAC,,+-_1039_8979,+-_1039_8979,1
5cb/sb,8979,1039,1,+-,8979_1039,+-_8979_1039,1039,8979,1039_8979,1,TACCCAGACTTAAGAGCCTAACAAGCAAAAtttatggttgttttgttacccgagtacctg,CAGGTACTCGGGTAACAAAACAACCATAAATTTTGCTTGTTAGGCTCTTAAGTCTGGGTA,,+-_1039_8979,+-_1039_8979,1
5cb/sb,8980,1038,15,+-,8980_1038,+-_8980_1038,1038,8980,1038_8980,0,ACCCAGACTTAAGAGCCTAACAAGCAAAATttatggttgttttgttacccgagtacctgc,GCAGGTACTCGGGTAACAAAACAACCATAAATTTTGCTTGTTAGGCTCTTAAGTCTGGGT,,+-_1039_8979,+-_1039_8979,1
5cb/sb,3457,7777,1,+-,3457_7777,+-_3457_7777,3457,7777,3457_7777,0,GACCGCCGAGGCGAATCACATCGTCACCACgcagtaaacgtccgtgttttgtttgcttcc,GGAAGCAAACAAAACACGGACGTTTACTGCGTGGTGACGATGTGATTCGCCTCGGCGGTC,+-_3458_7776,,+-_3458_7776,1
5cb/sb,3459,7775,1,+-,3459_7775,+-_3459_7775,3459,7775,3459_7775,0,CCGCCGAGGCGAATCACATCGTCACCACGCagtaaacgtccgtgttttgtttgcttccac,GTGGAAGCAAACAAAACACGGACGTTTACTGCGTGGTGACGATGTGATTCGCCTCGGCGG,+-_3458_7776,,+-_3458_7776,1
5cb/sb,3460,7774,10,+-,3460_7774,+-_3460_7774,3460,7774,3460_7774,0,CGCCGAGGCGAATCACATCGTCACCACGCAgtaaacgtccgtgttttgtttgcttccact,AGTGGAAGCAAACAAAACACGGACGTTTACTGCGTGGTGACGATGTGATTCGCCTCGGCG,+-_3458_7776,,+-_3458_7776,1
5cb/sb,7776,3458,2,+-,7776_3458,+-_7776_3458,3458,7776,3458_7776,1,TGGAAGCAAACAAAACACGGACGTTTACTGcgtggtgacgatgtgattcgcctcggcggt,ACCGCCGAGGCGAATCACATCGTCACCACGCAGTAAACGTCCGTGTTTTGTTTGCTTCCA,,+-_3458_7776,+-_3458_7776,1
5cb/sb,7777,3457,5,+-,7777_3457,+-_7777_3457,3457,7777,3457_7777,0,GGAAGCAAACAAAACACGGACGTTTACTGCgtggtgacgatgtgattcgcctcggcggtc,GACCGCCGAGGCGAATCACATCGTCACCACGCAGTAAACGTCCGTGTTTTGTTTGCTTCC,,+-_3458_7776,+-_3458_7776,1
5cb/sb,5357,7712,1,+-,5357_7712,+-_5357_7712,5357,7712,5357_7712,0,ATGTGGGATGTGATTGTCAAATTCAAAGGTgccgttccacactcccatctttcctaagaa,TTCTTAGGAAAGATGGGAGTGTGGAACGGCACCTTTGAATTTGACAATCACATCCCACAT,,,,0
5cb/sb,5359,7710,18,+-,5359_7710,+-_5359_7710,5359,7710,5359_7710,1,GTGGGATGTGATTGTCAAATTCAAAGGTGAcgttccacactcccatctttcctaagaaga,TCTTCTTAGGAAAGATGGGAGTGTGGAACGTCACCTTTGAATTTGACAATCACATCCCAC,+-_5359_7710,,+-_5359_7710,1
5cb/sb,7710,5359,10,+-,7710_5359,+-_7710_5359,5359,7710,5359_7710,1,TCTTCTTAGGAAAGATGGGAGTGTGGAACGtcacctttgaatttgacaatcacatcccac,GTGGGATGTGATTGTCAAATTCAAAGGTGACGTTCCACACTCCCATCTTTCCTAAGAAGA,,+-_5359_7710,+-_5359_7710,1
5cb/sb,6288,7967,12,+-,6288_7967,+-_6288_7967,6288,7967,6288_7967,0,ATAAGACAATTCAGGCCTACTACATGAACAgctgtcaaactgtgagccatcagcatcaca,TGTGATGCTGATGGCTCACAGTTTGACAGCTGTTCATGTAGTAGGCCTGAATTGTCTTAT,,+-_7968_6287,+-_7968_6287,1
5cb/sb,7968,6287,12,+-,7968_6287,+-_7968_6287,6287,7968,6287_7968,1,GTGATGCTGATGGCTCACAGTTTGACAGCTgttcatgtagtaggcctgaattgtcttatt,AATAAGACAATTCAGGCCTACTACATGAACAGCTGTCAAACTGTGAGCCATCAGCATCAC,+-_7968_6287,,+-_7968_6287,1
5cb/sb,9173,9780,2,+-,9173_9780,+-_9173_9780,9173,9780,9173_9780,0,CAAATTATTCTCAATGGTTTAATGGTCTGGtgcgctaacaccaataaaatgttcggcgaa,TTCGCCGAACATTTTATTGGTGTTAGCGCACCAGACCATTAAACCATTGAGAATAATTTG,,,,0
5cb/sb,9175,9778,1,+-,9175_9778,+-_9175_9778,9175,9778,9175_9778,0,AATTATTCTCAATGGTTTAATGGTCTGGTGcgctaacaccaataaaatgttcggcgaaaa,TTTTCGCCGAACATTTTATTGGTGTTAGCGCACCAGACCATTAAACCATTGAGAATAATT,,,,0
5cb/sb,9177,9776,6,+-,9177_9776,+-_9177_9776,9177,9776,9177_9776,1,TTATTCTCAATGGTTTAATGGTCTGGTGCActaacaccaataaaatgttcggcgaaaata,TATTTTCGCCGAACATTTTATTGGTGTTAGTGCACCAGACCATTAAACCATTGAGAATAA,,+-_9776_9177,+-_9776_9177,1
5cb/sb,9776,9177,11,+-,9776_9177,+-_9776_9177,9177,9776,9177_9776,1,TATTTTCGCCGAACATTTTATTGGTGTTAGtgcaccagaccattaaaccattgagaataa,TTATTCTCAATGGTTTAATGGTCTGGTGCACTAACACCAATAAAATGTTCGGCGAAAATA,+-_9776_9177,,+-_9776_9177,1
Deletion_forward,55,8684,15,++,55_8684,++_55_8684,55,8684,55_8684,1,ACACAAAACGATAAAAGCAAACGCAGACCTggatctcacccattatttgcaagcaatctt,AAGATTGCTTGCAAATAATGGGTGAGATCCAGGTCTGCGTTTGCTTTTATCGTTTTGTGT,++_55_8684,,++_55_8684,1
Deletion_forward,1909,8273,19,++,1909_8273,++_1909_8273,1909,8273,1909_8273,1,CTACTTTGAGATAATCGATCCAAAGAAAGGaagcgtacacccagagtatgagtatatcct,AGGATATACTCATACTCTGGGTGTACGCTTCCTTTCTTTGGATCGATTATCTCAAAGTAG,,--_8273_1909,--_8273_1909,1
Deletion_forward,50,6093,3,++,50_6093,++_50_6093,50,6093,50_6093,0,AACATACACAAAACGATAAAAGCAAACGCAtttgatcctgaagatttctctgcagttcgt,ACGAACTGCAGAGAAATCTTCAGGATCAAATGCGTTTGCTTTTATCGTTTTGTGTATGTT,,--_6092_49,--_6092_49,1
Deletion_forward,744,6506,1,++,744_6506,++_744_6506,744,6506,744_6506,0,AGGTTCACACAAAGTGGCCGCTTCACAAGActacaacccaatatcaaacaacatttgtca,TGACAAATGTTGTTTGATATTGGGTTGTAGTCTTGTGAAGCGGCCACTTTGTGTGAACCT,++_745_6507,,++_745_6507,1
Deletion_forward,745,6507,19,++,745_6507,++_745_6507,745,6507,745_6507,1,GGTTCACACAAAGTGGCCGCTTCACAAGACtacaacccaatatcaaacaacatttgtcat,ATGACAAATGTTGTTTGATATTGGGTTGTAGTCTTGTGAAGCGGCCACTTTGTGTGAACC,++_745_6507,,++_745_6507,1
Deletion_forward,704,6225,1,++,704_6225,++_704_6225,704,6225,704_6225,1,ATTGGAGGAGGACTCTCTGCGAGCGCGATCgaggatgagttggatccaaatgaaatacgt,ACGTATTTCATTTGGATCCAACTCATCCTCGATCGCGCTCGCAGAGAGTCCTCCTCCAAT,,--_6225_704,--_6225_704,1
Deletion_forward,706,6227,28,++,706_6227,++_706_6227,706,6227,706_6227,0,TGGAGGAGGACTCTCTGCGAGCGCGATCGAggatgagttggatccaaatgaaatacgtgt,ACACGTATTTCATTTGGATCCAACTCATCCTCGATCGCGCTCGCAGAGAGTCCTCCTCCA,,--_6225_704,--_6225_704,1
Deletion_forward,2997,8251,2,++,2997_8251,++_2997_8251,2997,8251,2997_8251,0,GCGCGTGTAACAGATTCATGGGCATGCTTTtcaacggagatgatttactgctaagcgtac,GTACGCTTAGCAGTAAATCATCTCCGTTGAAAAGCATGCCCATGAATCTGTTACACGCGC,,,,0
Deletion_forward,3001,8255,1,++,3001_8255,++_3001_8255,3001,8255,3001_8255,0,GTGTAACAGATTCATGGGCATGCTTTTGCAcggagatgatttactgctaagcgtacaccc,GGGTGTACGCTTAGCAGTAAATCATCTCCGTGCAAAAGCATGCCCATGAATCTGTTACAC,,--_8254_3000,--_8254_3000,1
Deletion_forward,3002,8256,29,++,3002_8256,++_3002_8256,3002,8256,3002_8256,0,TGTAACAGATTCATGGGCATGCTTTTGCACggagatgatttactgctaagcgtacaccca,TGGGTGTACGCTTAGCAGTAAATCATCTCCGTGCAAAAGCATGCCCATGAATCTGTTACA,,--_8254_3000,--_8254_3000,1
Deletion_forward,1784,6060,24,++,1784_6060,++_1784_6060,1784,6060,1784_6060,1,TTTCGCAACAAGATCTCCCAGAAAGCGCACcacaaaaacaggaagttcatcaatatgtat,ATACATATTGATGAACTTCCTGTTTTTGTGGTGCGCTTTCTGGGAGATCTTGTTGCGAAA,++_1784_6060,,++_1784_6060,1
Deletion_forward,4479,8665,30,++,4479_8665,++_4479_8665,4479,8665,4479_8665,1,TCTCCACTCAATACCCCGTGTCAATAAGCAataaggaaccagctcaagaggatctcaccc,GGGTGAGATCCTCTTGAGCTGGTTCCTTATTGCTTATTGACACGGGGTATTGAGTGGAGA,,--_8665_4479,--_8665_4479,1
Deletion_forward,2958,6920,2,++,2958_6920,++_2958_6920,2958,6920,2958_6920,0,CTAAGGCTAATGTTAATGGACCAGATGACGcggtcaatgcggaagtccaatggtgagcac,GTGCTCACCATTGGACTTCCGCATTGACCGCGTCATCTGGTCCATTAACATTAGCCTTAG,,,,0
Deletion_forward,2964,6926,22,++,2964_6926,++_2964_6926,2964,6926,2964_6926,0,CTAATGTTAATGGACCAGATGACGCAGCCAatgcggaagtccaatggtgagcacgaaaga,TCTTTCGTGCTCACCATTGGACTTCCGCATTGGCTGCGTCATCTGGTCCATTAACATTAG,++_2963_6925,,++_2963_6925,1
Deletion_forward,5893,9642,8,++,5893_9642,++_5893_9642,5893,9642,5893_9642,1,CCTGCGGTCAAAGATCTCTGAACCCGTAACtataagtatttaagtttactcgttagtatt,AATACTAACGAGTAAACTTAAATACTTATAGTTACGGGTTCAGAGATCTTTGACCGCAGG,,--_9642_5893,--_9642_5893,1
Deletion_forward,5066,8596,24,++,5066_8596,++_5066_8596,5066,8596,5066_8596,0,GTAACGGTGAAGCAGGCACGAACAATGTCTttagctccttagcacaagaagggaaagctc,GAGCTTTCCCTTCTTGTGCTAAGGAGCTAAAGACATTGTTCGTGCCTGCTTCACCGTTAC,,--_8595_5065,--_8595_5065,1
Deletion_forward,3859,7242,18,++,3859_7242,++_3859_7242,3859,7242,3859_7242,1,TGACTTGAGCGAGAGGAATCTCTTCGTCGAgggaacctgaaagcggtagcacactgccct,AGGGCAGTGTGCTACCGCTTTCAGGTTCCCTCGACGAAGAGATTCCTCTCGCTCAAGTCA,,--_7242_3859,--_7242_3859,1
Deletion_forward,5016,8357,24,++,5016_8357,++_5016_8357,5016,8357,5016_8357,1,ATGGGCTTCCAGTGATCACCAACAACGTCTaaggaccagggaaaaaggagacctttggtt,AACCAAAGGTCTCCTTTTTCCCTGGTCCTTAGACGTTGTTGGTGATCACTGGAAGCCCAT,++_5016_8357,,++_5016_8357,1
Deletion_forward,4019,7017,1,++,4019_7017,++_4019_7017,4019,7017,4019_7017,0,ACTTTTACCAGAGCAACTGCCACGGAAGTCgctttcccagacgattttgccgagaagtat,ATACTTCTCGGCAAAATCGTCTGGGAAAGCGACTTCCGTGGCAGTTGCTCTGGTAAAAGT,,,,0
Deletion_forward,4022,7019,27,++,4022_7019,++_4022_7019,4022,7019,4022_7019,1,TTTACCAGAGCAACTGCCACGGAAGTCGCGtttcccagacgattttgccgagaagtatct,AGATACTTCTCGGCAAAATCGTCTGGGAAACGCGACTTCCGTGGCAGTTGCTCTGGTAAA,++_4022_7019,,++_4022_7019,1
Deletion_forward,621,2957,26,++,621_2957,++_621_2957,621,2957,621_2957,1,TGAAGCAAAAGCGCGCAAGGGAAAGGCGTAcgcagccactcgcgcgtgtaacagattcat,ATGAATCTGTTACACGCGCGAGTGGCTGCGTACGCCTTTCCCTTGCGCGCTTTTGCTTCA,,--_2957_621,--_2957_621,1
Deletion_forward,7365,9680,9,++,7365_9680,++_7365_9680,7365,9680,7365_9680,1,TGCATGATGAAGCACGAGAGTATTTCCAACtgggaaatatgtaagtttgttaaagcagcc,GGCTGCTTTAACAAACTTACATATTTCCCAGTTGGAAATACTCTCGTGCTTCATCATGCA,++_7365_9680,,++_7365_9680,1
Deletion_forward,4166,6105,23,++,4166_6105,++_4166_6105,4166,6105,4166_6105,1,GAGCCAACTCGGCCACTTGCAGAAAACGTAgatttctctgcagttcgtttcgtggatcca,TGGATCCACGAAACGAACTGCAGAGAAATCTACGTTTTCTGCAAGTGGCCGAGTTGGCTC,++_4166_6105,,++_4166_6105,1
Deletion_forward,3516,5147,27,++,3516_5147,++_3516_5147,3516,5147,3516_5147,1,AGACAGAGCGCAGGAAAATAGAATGGGAACaaagagattcaaactcagagactctgagat,ATCTCAGAGTCTCTGAGTTTGAATCTCTTTGTTCCCATTCTATTTTCCTGCGCTCTGTCT,,--_5147_3516,--_5147_3516,1
Deletion_forward,2361,3643,1,++,2361_3643,++_2361_3643,2361,3643,2361_3643,0,TTGGCGAACTTGGCAAGTGGCCCACTCTGTtggttcatcaagcaaagagacaatccgagc,GCTCGGATTGTCTCTTTGCTTGATGAACCAACAGAGTGGGCCACTTGCCAAGTTCGCCAA,,,,0
Deletion_forward,2366,3648,22,++,2366_3648,++_2366_3648,2366,3648,2366_3648,0,GAACTTGGCAAGTGGCCCACTCTGTTAGATcatcaagcaaagagacaatccgagcaagaa,TTCTTGCTCGGATTGTCTCTTTGCTTGATGATCTAACAGAGTGGGCCACTTGCCAAGTTC,++_2365_3647,,++_2365_3647,1
Deletion_forward,1051,2302,15,++,1051_2302,++_1051_2302,1051,2302,1051_2302,1,TAACAAAACAACCATAAATCCAGGAGTGGTagttcacgaaagttgttagggataaactag,CTAGTTTATCCCTAACAACTTTCGTGAACTACCACTCCTGGATTTATGGTTGTTTTGTTA,,--_2302_1051,--_2302_1051,1
Deletion_forward,8645,9344,1,++,8645_9344,++_8645_9344,8645,9344,8645_9344,0,GGGAAAGCTCCTTACATAGCGGAAACAGCGccaagaccgaccatacatgccacgatatgg,CCATATCGTGGCATGTATGGTCGGTCTTGGCGCTGTTTCCGCTATGTAAGGAGCTTTCCC,,,,0
Deletion_forward,8648,9347,1,++,8648_9347,++_8648_9347,8648,9347,8648_9347,0,AAAGCTCCTTACATAGCGGAAACAGCGCTGagaccgaccatacatgccacgatatggtct,AGACCATATCGTGGCATGTATGGTCGGTCTCAGCGCTGTTTCCGCTATGTAAGGAGCTTT,++_8649_9348,,++_8649_9348,1
Deletion_forward,8650,9349,23,++,8650_9349,++_8650_9349,8650,9349,8650_9349,0,AGCTCCTTACATAGCGGAAACAGCGCTGAGaccgaccatacatgccacgatatggtcttc,GAAGACCATATCGTGGCATGTATGGTCGGTCTCAGCGCTGTTTCCGCTATGTAAGGAGCT,++_8649_9348,,++_8649_9348,1
Deletion_forward,4533,4797,17,++,4533_4797,++_4533_4797,4533,4797,4533_4797,1,ATTTTGTGAACGCACAGGGTAGTGGAAGCAtaccttgacacagacagtagaatgcttagc,GCTAAGCATTCTACTGTCTGTGTCAAGGTATGCTTCCACTACCCTGTGCGTTCACAAAAT,++_4533_4797,,++_4533_4797,1
Deletion_forward,4556,4650,1,++,4556_4650,++_4556_4650,4556,4650,4556_4650,0,GGAAGCAACTGTGATGTGATTTCAAAAGGAggaagaacgatgaaagttggaaacatcgag,CTCGATGTTTCCAACTTTCATCGTTCTTCCTCCTTTTGAAATCACATCACAGTTGCTTCC,,,,0
Deletion_forward,4559,4653,1,++,4559_4653,++_4559_4653,4559,4653,4559_4653,0,AGCAACTGTGATGTGATTTCAAAAGGAGACagaacgatgaaagttggaaacatcgagatc,GATCTCGATGTTTCCAACTTTCATCGTTCTGTCTCCTTTTGAAATCACATCACAGTTGCT,,--_4654_4560,--_4654_4560,1
Deletion_forward,4560,4654,28,++,4560_4654,++_4560_4654,4560,4654,4560_4654,1,GCAACTGTGATGTGATTTCAAAAGGAGACAgaacgatgaaagttggaaacatcgagatca,TGATCTCGATGTTTCCAACTTTCATCGTTCTGTCTCCTTTTGAAATCACATCACAGTTGC,,--_4654_4560,--_4654_4560,1
Deletion_forward,4563,4657,1,++,4563_4657,++_4563_4657,4563,4657,4563_4657,0,ACTGTGATGTGATTTCAAAAGGAGACAATAcgatgaaagttggaaacatcgagatcacca,TGGTGATCTCGATGTTTCCAACTTTCATCGTATTGTCTCCTTTTGAAATCACATCACAGT,,,,0
Deletion_forward,3267,3337,1,++,3267_3337,++_3267_3337,3267,3337,3267_3337,0,TGTCATCTTACGAATGGGGTAAGCAATGTGcgaatagcgtgtgtaggactattaattatt,AATAATTAATAGTCCTACACACGCTATTCGCACATTGCTTACCCCATTCGTAAGATGACA,,,,0
Deletion_forward,6000,6040,17,++,6000_6040,++_6000_6040,6000,6040,6000_6040,1,TATACGGAGATGATGACACCATAGAGCACTgcaggacacgtggtatcgggcacaaaaaca,TGTTTTTGTGCCCGATACCACGTGTCCTGCAGTGCTCTATGGTGTCATCATCTCCGTATA,++_6000_6040,,++_6000_6040,1
Deletion_forward,8799,8830,1,++,8799_8830,++_8799_8830,8799,8830,8799_8830,0,CTGATGCAGGTTTGACAGATGAGCAGAAGCaggcagaaaaggaacgagagaggcaaaaac,GTTTTTGCCTCTCTCGTTCCTTTTCTGCCTGCTTCTGCTCATCTGTCAAACCTGCATCAG,,,,0
Insertion_forward,3789,3595,1,++,3789_3595,++_3789_3595,3595,3789,3595_3789,0,ACAAGCTTAAGGGACTAGTCGCCACTGTCGacaaggcaccacatctaagtgagcatatcg,CGATATGCTCACTTAGATGTGGTGCCTTGTCGACAGTGGCGACTAGTCCCTTAAGCTTGT,,,,0
Insertion_forward,3792,3598,24,++,3792_3598,++_3792_3598,3598,3792,3598_3792,1,AGCTTAAGGGACTAGTCGCCACTGTCGAACaggcaccacatctaagtgagcatatcgagc,GCTCGATATGCTCACTTAGATGTGGTGCCTGTTCGACAGTGGCGACTAGTCCCTTAAGCT,++_3792_3598,,++_3792_3598,1
Insertion_forward,9229,8925,26,++,9229_8925,++_9229_8925,8925,9229,8925_9229,1,CATAAACGGAATGTGGGTGATGATGGACGGgccggaacctctggaactttcagtgtaccc,GGGTACACTGAAAGTTCCAGAGGTTCCGGCCCGTCCATCATCACCCACATTCCGTTTATG,,--_8925_9229,--_8925_9229,1
Insertion_forward,490,176,19,++,490_176,++_490_176,176,490,176_490,1,CAAGGAGAGAGCACTCTTTTTGGACTGGGAcaagccagcatccaccggaatggtacagtt,AACTGTACCATTCCGGTGGATGCTGGCTTGTCCCAGTCCAAAAAGAGTGCTCTCTCCTTG,,--_176_490,--_176_490,1
Insertion_forward,5216,4601,1,++,5216_4601,++_5216_4601,4601,5216,4601_5216,0,AAATTAGCCATACCTCACCGAGGAGTGAACgctttcaaaacttttaattgaaagagactt,AAGTCTCTTTCAATTAAAAGTTTTGAAAGCGTTCACTCCTCGGTGAGGTATGGCTAATTT,++_5215_4600,,++_5215_4600,1
Insertion_forward,5217,4602,1,++,5217_4602,++_5217_4602,4602,5217,4602_5217,0,AATTAGCCATACCTCACCGAGGAGTGAACGctttcaaaacttttaattgaaagagacttc,GAAGTCTCTTTCAATTAAAAGTTTTGAAAGCGTTCACTCCTCGGTGAGGTATGGCTAATT,++_5215_4600,,++_5215_4600,1
Insertion_forward,5219,4604,3,++,5219_4604,++_5219_4604,4604,5219,4604_5219,0,TTAGCCATACCTCACCGAGGAGTGAACGCTttcaaaacttttaattgaaagagacttcaa,TTGAAGTCTCTTTCAATTAAAAGTTTTGAAAGCGTTCACTCCTCGGTGAGGTATGGCTAA,++_5215_4600,,++_5215_4600,1
Insertion_forward,5220,4605,28,++,5220_4605,++_5220_4605,4605,5220,4605_5220,0,TAGCCATACCTCACCGAGGAGTGAACGCTTtcaaaacttttaattgaaagagacttcaaa,TTTGAAGTCTCTTTCAATTAAAAGTTTTGAAAGCGTTCACTCCTCGGTGAGGTATGGCTA,++_5215_4600,,++_5215_4600,1
Insertion_forward,8361,7466,1,++,8361_7466,++_8361_7466,7466,8361,7466_8361,0,TGGGCCTGAAGTATACTTTCGACTCAAGGAcgatctgtttgaaaagacagttgaaatagt,ACTATTTCAACTGTCTTTTCAAACAGATCGTCCTTGAGTCGAAAGTATACTTCAGGCCCA,,,,0
Insertion_forward,8363,7468,1,++,8363_7468,++_8363_7468,7468,8363,7468_8363,0,GGCCTGAAGTATACTTTCGACTCAAGGACCatctgtttgaaaagacagttgaaatagtcg,CGACTATTTCAACTGTCTTTTCAAACAGATGGTCCTTGAGTCGAAAGTATACTTCAGGCC,,,,0
Insertion_forward,8365,7470,27,++,8365_7470,++_8365_7470,7470,8365,7470_8365,1,CCTGAAGTATACTTTCGACTCAAGGACCAGctgtttgaaaagacagttgaaatagtcgta,TACGACTATTTCAACTGTCTTTTCAAACAGCTGGTCCTTGAGTCGAAAGTATACTTCAGG,++_8365_7470,,++_8365_7470,1
Insertion_forward,1979,1077,22,++,1979_1077,++_1979_1077,1077,1979,1077_1979,0,CGGAAACTTGCAATCGGCAAACTAATAGTCgttagagatggaattctaacccagaaacga,TCGTTTCTGGGTTAGAATTCCATCTCTAACGACTATTAGTTTGCCGATTGCAAGTTTCCG,,--_1072_1974,--_1072_1974,1
Insertion_forward,4060,2926,2,++,4060_2926,++_4060_2926,2926,4060,2926_4060,0,AGCACACGAAAGTGACAGAGACATATTGCTaagctaaggctaatgttaatggaccagatg,CATCTGGTCCATTAACATTAGCCTTAGCTTAGCAATATGTCTCTGTCACTTTCGTGTGCT,++_4061_2927,,++_4061_2927,1
Insertion_forward,4062,2928,34,++,4062_2928,++_4062_2928,2928,4062,2928_4062,0,CACACGAAAGTGACAGAGACATATTGCTAAgctaaggctaatgttaatggaccagatgac,GTCATCTGGTCCATTAACATTAGCCTTAGCTTAGCAATATGTCTCTGTCACTTTCGTGTG,++_4061_2927,,++_4061_2927,1
Insertion_forward,4846,3613,19,++,4846_3613,++_4846_3613,3613,4846,3613_4846,0,AATGCTTAGCACAACAAAGGCAAGCATCAAgtgagcatatcgagcctgaagaaaaggcag,CTGCCTTTTCTTCAGGCTCGATATGCTCACTTGATGCTTGCCTTTGTTGTGCTAAGCATT,++_4845_3612,,++_4845_3612,1
Insertion_forward,4840,3606,1,++,4840_3606,++_4840_3606,3606,4840,3606_4840,0,CAGTAGAATGCTTAGCACAACAAAGGCAAGcatctaagtgagcatatcgagcctgaagaa,TTCTTCAGGCTCGATATGCTCACTTAGATGCTTGCCTTTGTTGTGCTAAGCATTCTACTG,,,,0
Insertion_forward,8757,7501,2,++,8757_7501,++_8757_7501,7501,8757,7501_8757,1,ATGGTGCTGAGACTTGTGTTTATCACCAGGcagatctgcgaggttatggtttcgaaacat,ATGTTTCGAAACCATAACCTCGCAGATCTGCCTGGTGATAAACACAAGTCTCAGCACCAT,,--_7501_8757,--_7501_8757,1
Insertion_forward,8760,7504,21,++,8760_7504,++_8760_7504,7504,8760,7504_8760,0,GTGCTGAGACTTGTGTTTATCACCAGGCAGatctgcgaggttatggtttcgaaacatgca,TGCATGTTTCGAAACCATAACCTCGCAGATCTGCCTGGTGATAAACACAAGTCTCAGCAC,,--_7501_8757,--_7501_8757,1
Insertion_forward,8762,7506,1,++,8762_7506,++_8762_7506,7506,8762,7506_8762,0,GCTGAGACTTGTGTTTATCACCAGGCAGGTctgcgaggttatggtttcgaaacatgcaat,ATTGCATGTTTCGAAACCATAACCTCGCAGACCTGCCTGGTGATAAACACAAGTCTCAGC,,,,0
Insertion_forward,7724,6110,18,++,7724_6110,++_7724_6110,6110,7724,6110_7724,1,ATGGGAGTGTGGAACGGCTCGTTGAAGGCActctgcagttcgtttcgtggatccactcac,GTGAGTGGATCCACGAAACGAACTGCAGAGTGCCTTCAACGAGCCGTTCCACACTCCCAT,++_7724_6110,,++_7724_6110,1
Insertion_forward,8812,6901,27,++,8812_6901,++_8812_6901,6901,8812,6901_8812,1,GACAGATGAGCAGAAGCAGGCGGAAAAGGAactggattagcacgaaagacggtcaatgcg,CGCATTGACCGTCTTTCGTGCTAATCCAGTTCCTTTTCCGCCTGCTTCTGCTCATCTGTC,,--_6901_8812,--_6901_8812,1
Insertion_forward,6278,4165,1,++,6278_4165,++_6278_4165,4165,6278,4165_6278,0,ATACGTGTGAATAAGACAATTCAGGCCTACtacataagcagctgtcgcaggcaccattcc,GGAATGGTGCCTGCGACAGCTGCTTATGTAGTAGGCCTGAATTGTCTTATTCACACGTAT,,,,0
Insertion_forward,7574,5084,31,++,7574_5084,++_7574_5084,5084,7574,5084_7574,1,GATGAGAATGACATATTCGAAGCTCTTAACgttctacacaagccaagtggtgagatatga,TCATATCTCACCACTTGGCTTGTGTAGAACGTTAAGAGCTTCGAATATGTCATTCTCATC,++_7574_5084,,++_7574_5084,1
Insertion_forward,4275,1502,24,++,4275_1502,++_4275_1502,1502,4275,1502_4275,1,CAATCTCAGTAATGACCAGTGGTTTTGCACgcagatactagataggtatgagcaagcact,AGTGCTTGCTCATACCTATCTAGTATCTGCGTGCAAAACCACTGGTCATTACTGAGATTG,++_4275_1502,,++_4275_1502,1
Insertion_forward,4277,1504,1,++,4277_1504,++_4277_1504,1504,4277,1504_4277,0,ATCTCAGTAATGACCAGTGGTTTTGCACTCagatactagataggtatgagcaagcactga,TCAGTGCTTGCTCATACCTATCTAGTATCTGAGTGCAAAACCACTGGTCATTACTGAGAT,,,,0
Insertion_forward,4278,1505,1,++,4278_1505,++_4278_1505,1505,4278,1505_4278,0,TCTCAGTAATGACCAGTGGTTTTGCACTCAgatactagataggtatgagcaagcactgag,CTCAGTGCTTGCTCATACCTATCTAGTATCTGAGTGCAAAACCACTGGTCATTACTGAGA,,,,0
Insertion_forward,4270,1496,1,++,4270_1496,++_4270_1496,1496,4270,1496_4270,0,GGCGCCAATCTCAGTAATGACCAGTGGTTTtgcagtgcagatactagataggtatgagca,TGCTCATACCTATCTAGTATCTGCACTGCAAAACCACTGGTCATTACTGAGATTGGCGCC,,,,0
Insertion_forward,4271,1497,1,++,4271_1497,++_4271_1497,1497,4271,1497_4271,0,GCGCCAATCTCAGTAATGACCAGTGGTTTTgcagtgcagatactagataggtatgagcaa,TTGCTCATACCTATCTAGTATCTGCACTGCAAAACCACTGGTCATTACTGAGATTGGCGC,,,,0
Insertion_forward,8484,5149,25,++,8484_5149,++_8484_5149,5149,8484,5149_8484,1,CGATTTTAGAATGGGATCGGTCGAAAGAGCagagattcaaactcagagactctgagattg,CAATCTCAGAGTCTCTGAGTTTGAATCTCTGCTCTTTCGACCGATCCCATTCTAAAATCG,,--_5149_8484,--_5149_8484,1
Insertion_forward,5741,1803,24,++,5741_1803,++_5741_1803,1803,5741,1803_5741,1,TATGGAGCGCTTGAGGCAGTTCACCATCAAtgcgacaaccagctcgatagaaatggaaat,ATTTCCATTTCTATCGAGCTGGTTGTCGCATTGATGGTGAACTGCCTCAAGCGCTCCATA,,--_1803_5741,--_1803_5741,1
Insertion_forward,7826,3885,22,++,7826_3885,++_7826_3885,3885,7826,3885_7826,1,CTGGGTGGAAAGGTCTGCGTGGATGATTTCgtgctccaacaacttccagctgaaaagaca,TGTCTTTTCAGCTGGAAGTTGTTGGAGCACGAAATCATCCACGCAGACCTTTCCACCCAG,,--_3885_7826,--_3885_7826,1
Insertion_forward,8076,3193,23,++,8076_3193,++_8076_3193,3193,8076,3193_8076,1,TGCTGAGAAATTTGTACACCGAAATCGTGTtgaaaagcgaagccgatttaggcggcagat,ATCTGCCGCCTAAATCGGCTTCGCTTTTCAACACGATTTCGGTGTACAAATTTCTCAGCA,++_8076_3193,,++_8076_3193,1
Insertion_forward,5443,553,25,++,5443_553,++_5443_553,553,5443,553_5443,0,ACAGACGGACGTCAACTCCATACAGCGAACgtggcgtcagtaagatagtgcccaggagtt,AACTCCTGGGCACTATCTTACTGACGCCACGTTCGCTGTATGGAGTTGACGTCCGTCTGT,,--_552_5442,--_552_5442,1
Insertion_forward,7877,2977,1,++,7877_2977,++_7877_2977,2977,7877,2977_7877,0,AACCTTAGAGCTCCTTGGAGTGTTGGCATGacagattcatgggcatgcttttgcacatgg,CCATGTGCAAAAGCATGCCCATGAATCTGTCATGCCAACACTCCAAGGAGCTCTAAGGTT,,,,0
Insertion_forward,7884,2984,19,++,7884_2984,++_7884_2984,2984,7884,2984_7884,0,GAGCTCCTTGGAGTGTTGGCATGACAAAGTcatgggcatgcttttgcacatggcagaacc,GGTTCTGCCATGTGCAAAAGCATGCCCATGACTTTGTCATGCCAACACTCCAAGGAGCTC,,--_2983_7883,--_2983_7883,1
Insertion_forward,8223,2746,3,++,8223_2746,++_8223_2746,2746,8223,2746_8223,1,CACTCAAGAAAAGCGGAATTCCAAGTGAGTtcatcctggcattttacaatagtggatctc,GAGATCCACTATTGTAAAATGCCAGGATGAACTCACTTGGAATTCCGCTTTTCTTGAGTG,++_8223_2746,,++_8223_2746,1
Insertion_forward,8224,2747,18,++,8224_2747,++_8224_2747,2747,8224,2747_8224,0,ACTCAAGAAAAGCGGAATTCCAAGTGAGTTcatcctggcattttacaatagtggatctct,AGAGATCCACTATTGTAAAATGCCAGGATGAACTCACTTGGAATTCCGCTTTTCTTGAGT,++_8223_2746,,++_8223_2746,1
Insertion_forward,8779,3087,22,++,8779_3087,++_8779_3087,3087,8779,3087_8779,1,TCACCAGGCAGGTGAGACGCCTGATGCAGGctacaaatcttggacgaggcatggaacgag,CTCGTTCCATGCCTCGTCCAAGATTTGTAGCCTGCATCAGGCGTCTCACCTGCCTGGTGA,,--_3087_8779,--_3087_8779,1
Insertion_forward,7350,1443,1,++,7350_1443,++_7350_1443,1443,7350,1443_7350,0,ACTTGTATCTCAAGTTGCATGATGAAGCACaggttaacgcagctacgcgatgtcatcaag,CTTGATGACATCGCGTAGCTGCGTTAACCTGTGCTTCATCATGCAACTTGAGATACAAGT,,,,0
Insertion_forward,7321,1004,29,++,7321_1004,++_7321_1004,1004,7321,1004_7321,1,CACAGTTAAAGGAAAATGTCAGATGTTTGAtctcagcaggtactcgggtaacaaaacaac,GTTGTTTTGTTACCCGAGTACCTGCTGAGATCAAACATCTGACATTTTCCTTTAACTGTG,++_7321_1004,,++_7321_1004,1
Insertion_forward,8579,1434,1,++,8579_1434,++_8579_1434,1434,8579,1434_8579,0,CACGAGATACGTAAGTTTTATGCGTGGATGatgaagcacaggttaacgcagctacgcgat,ATCGCGTAGCTGCGTTAACCTGTGCTTCATCATCCACGCATAAAACTTACGTATCTCGTG,++_8581_1436,,++_8581_1436,1
Insertion_forward,8580,1435,2,++,8580_1435,++_8580_1435,1435,8580,1435_8580,0,ACGAGATACGTAAGTTTTATGCGTGGATGAtgaagcacaggttaacgcagctacgcgatg,CATCGCGTAGCTGCGTTAACCTGTGCTTCATCATCCACGCATAAAACTTACGTATCTCGT,++_8581_1436,,++_8581_1436,1
Insertion_forward,8581,1436,14,++,8581_1436,++_8581_1436,1436,8581,1436_8581,1,CGAGATACGTAAGTTTTATGCGTGGATGATgaagcacaggttaacgcagctacgcgatgt,ACATCGCGTAGCTGCGTTAACCTGTGCTTCATCATCCACGCATAAAACTTACGTATCTCG,++_8581_1436,,++_8581_1436,1
Insertion_forward,8831,918,1,++,8831_918,++_8831_918,918,8831,918_8831,1,GCGGAAAAGGAGAAGAAGGAGAGAGAGAAGgcaaggatccaagtagtacacttactcggg,CCCGAGTAAGTGTACTACTTGGATCCTTGCCTTCTCTCTCTCCTTCTTCTCCTTTTCCGC,,--_918_8831,--_918_8831,1
Insertion_forward,8834,921,22,++,8834_921,++_8834_921,921,8834,921_8834,0,GAAAAGGAGAAGAAGGAGAGAGAGAAGGCAaggatccaagtagtacacttactcgggaag,CTTCCCGAGTAAGTGTACTACTTGGATCCTTGCCTTCTCTCTCTCCTTCTTCTCCTTTTC,,--_918_8831,--_918_8831,1
Insertion_forward,8885,926,1,++,8885_926,++_8885_926,926,8885,926_8885,0,AAACAGTTGGCGCTCAAGAAAGGCAAGGATccaagtagtacacttactcgggaagagagc,GCTCTCTTCCCGAGTAAGTGTACTACTTGGATCCTTGCCTTTCTTGAGCGCCAACTGTTT,,,,0
